0,35,0,0
1,44,0,0
2,18,0,0
3,48,0,0
4,27,0,0
5,26,0,1
6,22,0,1
7,22,0,1
8,9,0,1
9,41,0,1
10,25,0,1
11,35,0,1
12,53,0,1
13,53,0,1
14,17,0,1
15,10,0,1
16,6,0,2
17,21,0,2
18,49,0,2
19,25,0,2
20,18,0,2
21,42,0,2
22,22,0,2
23,53,0,2
24,12,0,2
25,53,0,2
26,39,0,2
27,52,0,2
28,36,0,3
29,51,0,3
30,47,0,3
31,22,0,3
32,51,0,3
33,4,0,3
34,20,0,3
35,46,0,3
36,57,0,4
37,13,0,4
38,11,0,4
39,22,0,4
40,14,0,4
41,19,0,4
42,6,0,4
43,29,0,4
44,43,0,4
45,34,0,4
46,20,0,5
47,13,0,5
48,29,0,5
49,58,0,5
50,49,0,5
51,11,0,6
52,13,0,6
53,25,0,6
54,55,0,6
55,11,0,6
56,49,0,6
57,44,0,6
58,10,0,6
59,5,0,6
60,40,0,6
61,38,0,6
62,10,0,6
63,51,0,6
64,40,0,6
65,29,0,6
66,42,0,7
67,37,0,7
68,53,0,7
69,18,0,7
70,17,0,7
71,54,0,8
72,49,0,8
73,22,0,8
74,13,0,8
75,21,0,8
76,22,0,8
77,42,0,8
78,18,0,8
79,38,0,8
80,18,0,8
81,27,0,8
82,37,0,8
83,48,0,8
84,18,0,9
85,28,0,9
86,29,0,9
87,12,0,9
88,4,0,9
89,33,0,10
90,26,0,10
91,33,0,10
92,50,0,10
93,12,0,10
94,18,0,10
95,49,0,10
96,15,0,11
97,46,0,11
98,36,0,11
99,3,0,11
100,51,0,11
101,49,0,12
102,44,0,12
103,14,0,12
104,11,0,12
105,43,0,12
106,43,0,12
107,46,0,12
108,22,0,12
109,3,0,12
110,53,0,12
111,2,0,12
112,40,0,13
113,56,0,13
114,45,0,13
115,48,0,13
116,58,0,13
117,13,0,13
118,50,0,13
119,20,0,13
120,40,0,14
121,27,0,14
122,39,0,14
123,42,0,14
124,6,0,14
125,39,0,14
126,14,0,14
127,2,0,14
128,17,0,14
129,58,0,14
130,54,0,14
131,46,0,14
132,20,0,14
133,9,0,15
134,1,0,15
135,43,0,15
136,24,0,16
137,37,0,16
138,19,0,16
139,23,0,16
140,53,0,16
141,32,0,16
142,57,0,16
143,53,0,16
144,6,0,16
145,46,0,16
146,13,0,17
147,21,0,17
148,55,0,17
149,16,0,17
150,42,0,17
151,26,0,17
152,55,0,17
153,46,0,17
154,48,0,17
155,15,0,17
156,19,0,18
157,54,0,18
158,35,0,18
159,22,0,18
160,12,0,18
161,20,0,18
162,39,0,18
163,54,0,18
164,18,0,18
165,58,0,18
166,20,0,18
167,20,0,19
168,44,0,19
169,40,0,20
170,25,0,20
171,15,0,20
172,11,0,20
173,38,0,21
174,45,0,21
175,3,0,21
176,33,0,21
177,17,0,21
178,4,0,21
179,52,0,21
180,30,0,21
181,54,0,21
182,44,0,21
183,18,0,22
184,43,0,22
185,38,0,22
186,15,0,22
187,6,0,22
188,54,0,22
189,54,0,22
190,37,0,22
191,9,0,22
192,16,0,22
193,16,0,22
194,50,0,22
195,27,0,23
196,58,0,23
197,9,0,23
198,21,0,23
199,12,0,23
200,24,0,23
201,31,0,24
202,51,0,24
203,54,0,24
204,47,0,24
205,31,0,24
206,2,0,24
207,51,0,24
208,24,0,24
209,24,0,25
210,29,0,25
211,15,0,25
212,14,0,25
213,24,0,25
214,7,0,25
215,53,0,25
216,52,0,25
217,26,0,25
218,31,0,25
219,30,0,26
220,50,0,26
221,58,0,26
222,32,0,27
223,7,0,28
224,35,0,28
225,44,0,28
226,5,0,29
227,7,0,29
228,57,0,29
229,3,0,29
230,37,0,29
231,35,0,29
232,25,0,29
233,32,0,29
234,12,0,30
235,8,0,30
236,40,0,30
237,33,0,30
238,31,0,30
239,25,0,30
240,45,0,30
241,40,0,30
242,10,0,30
243,54,0,30
244,21,0,30
245,34,0,30
246,32,0,30
247,58,0,30
248,15,0,31
249,16,0,31
250,5,0,31
251,9,0,31
252,15,0,31
253,49,0,31
254,50,0,31
255,34,0,31
256,19,0,31
257,4,0,32
258,47,0,32
259,2,0,32
260,1,0,33
261,5,0,33
262,8,0,33
263,24,0,33
264,14,0,33
265,17,0,33
266,18,0,33
267,41,0,33
268,9,0,34
269,6,0,34
270,52,0,34
271,40,0,34
272,56,0,34
273,37,0,34
274,39,0,35
275,31,0,35
276,18,0,35
277,48,0,35
278,1,0,35
279,14,0,35
280,35,0,35
281,37,0,35
282,29,0,35
283,17,0,36
284,12,0,36
285,42,0,36
286,36,0,36
287,41,0,36
288,33,0,36
289,19,0,36
290,22,0,36
291,11,0,37
292,55,0,37
293,27,0,37
294,38,0,37
295,56,0,37
296,46,0,37
297,39,0,38
298,12,0,38
299,2,0,39
300,27,0,39
301,51,0,39
302,4,0,39
303,19,0,39
304,15,0,39
305,12,0,39
306,38,0,39
307,13,0,39
308,51,0,39
309,43,0,39
310,26,0,39
311,41,0,39
312,2,0,39
313,5,0,40
314,12,0,40
315,49,0,40
316,27,0,40
317,37,0,40
318,22,0,40
319,52,0,40
320,6,0,40
321,45,0,40
322,20,0,40
323,32,0,41
324,15,0,41
325,37,0,41
326,44,0,41
327,46,0,41
328,10,0,41
329,50,0,41
330,43,0,41
331,27,0,41
332,6,0,41
333,33,0,41
334,8,0,41
335,18,0,42
336,54,0,42
337,12,0,42
338,53,0,42
339,27,0,42
340,24,0,42
341,50,0,42
342,36,0,42
343,52,0,42
344,4,0,42
345,13,0,42
346,34,0,42
347,29,0,43
348,40,0,43
349,35,0,43
350,14,0,43
351,9,0,43
352,52,0,43
353,50,0,44
354,43,0,44
355,10,0,44
356,4,0,44
357,47,0,44
358,44,0,44
359,36,0,44
360,50,0,44
361,46,0,45
362,51,0,45
363,41,0,45
364,11,0,45
365,43,0,45
366,50,0,45
367,57,0,45
368,12,0,45
369,20,0,45
370,39,0,45
371,4,0,45
372,4,0,45
373,25,0,45
374,41,0,45
375,47,0,46
376,48,0,46
377,57,0,46
378,39,0,46
379,4,0,46
380,53,0,46
381,56,0,46
382,25,0,46
383,25,0,47
384,37,0,47
385,6,0,47
386,55,0,47
387,45,0,47
388,50,0,47
389,33,0,47
390,51,0,47
391,36,0,47
392,23,0,47
393,38,0,47
394,5,0,47
395,53,0,47
396,30,0,47
397,14,0,48
398,7,0,48
399,36,0,48
400,30,0,48
401,44,0,48
402,18,0,48
403,49,0,48
404,6,0,48
405,14,0,48
406,1,0,48
407,28,0,48
408,30,0,48
409,17,0,49
410,27,0,49
411,34,0,49
412,10,0,50
413,35,0,50
414,46,0,50
415,31,0,51
416,29,0,51
417,36,0,51
418,21,0,51
419,39,0,52
420,31,0,52
421,53,0,52
422,53,0,53
423,47,0,53
424,12,0,53
425,5,0,53
426,55,0,53
427,9,0,53
428,13,0,53
429,53,0,53
430,17,0,53
431,10,0,53
432,19,0,53
433,2,0,53
434,13,0,54
435,5,0,54
436,55,0,54
437,40,0,54
438,51,0,54
439,33,0,54
440,12,0,54
441,51,0,54
442,16,0,54
443,12,0,54
444,41,0,54
445,47,0,54
446,22,0,54
447,55,0,54
448,1,0,54
449,5,0,55
450,30,0,55
451,27,0,56
452,17,0,56
453,19,0,56
454,38,0,56
455,18,0,56
456,51,0,56
457,51,0,57
458,9,0,57
459,20,0,57
460,53,0,57
461,12,0,57
462,25,0,57
463,45,0,57
464,12,0,57
465,37,0,57
466,10,0,57
467,19,0,57
468,46,0,57
469,19,0,57
470,25,0,58
471,49,0,58
472,21,0,58
473,3,0,59
474,25,0,59
475,7,0,59
476,9,0,59
477,55,0,59
478,48,0,60
479,2,0,60
480,12,0,60
481,52,0,60
482,33,0,60
483,39,0,60
484,34,0,60
485,34,0,61
486,20,0,61
487,56,0,61
488,51,0,61
489,4,0,62
490,23,0,62
491,46,0,62
492,24,0,62
493,44,0,62
494,10,0,62
495,36,0,62
496,5,0,62
497,47,0,62
498,3,0,62
499,35,0,62
500,5,0,62
501,33,0,62
502,6,0,62
503,42,0,62
504,22,0,63
505,34,0,63
506,39,0,64
507,52,0,64
508,38,0,64
509,20,0,64
510,57,0,65
511,58,0,65
512,14,0,65
513,45,0,65
514,42,0,65
515,26,0,65
516,28,0,65
517,48,0,65
518,54,0,65
519,29,0,66
520,25,0,66
521,7,0,66
522,10,0,66
523,56,0,66
524,35,0,66
525,10,0,67
526,51,0,67
527,18,0,67
528,37,0,67
529,52,0,67
530,8,0,67
531,28,0,67
532,14,0,67
533,36,0,67
534,19,0,67
535,24,0,67
536,5,0,67
537,26,0,67
538,37,0,68
539,53,0,68
540,56,0,68
541,42,0,68
542,20,0,68
543,36,0,68
544,49,0,68
545,24,0,68
546,32,0,68
547,35,0,68
548,51,0,69
549,37,0,69
550,51,0,69
551,39,0,69
552,46,0,69
553,35,0,69
554,27,0,69
555,50,0,69
556,34,0,69
557,8,0,69
558,4,0,69
559,47,0,69
560,4,0,69
561,47,0,69
562,37,0,70
563,24,0,70
564,57,0,70
565,7,0,70
566,6,0,70
567,23,0,70
568,6,0,70
569,30,0,70
570,10,0,70
571,46,0,70
572,55,0,70
573,9,0,71
574,2,0,71
575,56,0,71
576,39,0,71
577,21,0,71
578,29,0,71
579,22,0,72
580,54,0,72
581,20,0,72
582,46,0,72
583,39,0,72
584,2,0,73
585,23,0,73
586,50,0,73
587,5,0,73
588,11,0,73
589,5,0,73
590,46,0,73
591,32,0,73
592,28,0,74
593,57,0,74
594,8,0,74
595,15,0,74
596,56,0,74
597,51,0,75
598,3,0,75
599,58,0,75
600,54,0,75
601,19,0,75
602,11,0,75
603,45,0,75
604,53,0,75
605,56,0,75
606,8,0,75
607,50,0,75
608,41,0,75
609,37,0,75
610,28,0,75
611,32,0,75
612,56,0,76
613,43,0,76
614,25,0,76
615,45,0,76
616,48,0,76
617,18,0,76
618,18,0,76
619,47,0,76
620,56,0,76
621,39,0,76
622,55,0,76
623,18,0,77
624,31,0,77
625,50,0,77
626,52,0,77
627,25,0,77
628,42,0,77
629,38,0,77
630,13,0,77
631,14,0,77
632,8,0,77
633,1,0,77
634,19,0,77
635,58,0,78
636,49,0,78
637,1,0,78
638,15,0,78
639,44,0,79
640,49,0,80
641,53,0,80
642,13,0,80
643,34,0,80
644,50,0,80
645,45,0,81
646,47,0,81
647,3,0,82
648,3,0,82
649,37,0,82
650,15,0,82
651,54,0,82
652,23,0,82
653,9,0,82
654,5,0,82
655,55,0,82
656,56,0,83
657,57,0,83
658,10,0,83
659,22,0,83
660,47,0,83
661,57,0,83
662,9,0,83
663,28,0,83
664,5,0,83
665,15,0,83
666,35,0,83
667,6,0,83
668,28,0,84
669,35,0,84
670,58,0,84
671,5,0,84
672,46,0,84
673,23,0,84
674,54,0,84
675,36,0,84
676,24,0,84
677,37,0,84
678,37,0,84
679,48,0,84
680,7,0,84
681,24,0,85
682,13,0,85
683,25,0,85
684,7,0,85
685,2,0,85
686,24,0,85
687,28,0,85
688,45,0,86
689,43,0,86
690,6,0,86
691,47,0,86
692,20,0,86
693,54,0,86
694,58,0,86
695,38,0,86
696,50,0,86
697,55,0,86
698,5,0,86
699,1,0,86
700,16,0,86
701,8,0,86
702,3,0,86
703,35,0,87
704,9,0,87
705,58,0,87
706,13,0,87
707,45,0,87
708,13,0,87
709,42,0,87
710,22,0,87
711,23,0,87
712,26,0,87
713,36,0,87
714,23,0,87
715,15,0,88
716,39,0,88
717,8,0,88
718,7,0,88
719,52,0,88
720,36,0,88
721,8,0,89
722,17,0,89
723,6,0,90
724,26,0,90
725,38,0,90
726,40,0,90
727,33,0,90
728,16,0,90
729,54,0,90
730,55,0,90
731,52,0,90
732,18,0,90
733,50,0,90
734,20,0,90
735,12,0,90
736,27,0,91
737,5,0,91
738,56,0,91
739,55,0,91
740,36,0,92
741,40,0,92
742,9,0,93
743,56,0,93
744,53,0,93
745,56,0,93
746,58,0,93
747,23,0,93
748,49,0,93
749,23,0,93
750,21,0,93
751,4,0,93
752,4,0,93
753,57,0,93
754,38,0,93
755,30,0,93
756,58,0,93
757,49,0,94
758,49,0,94
759,50,0,94
760,36,0,94
761,20,0,94
762,57,0,94
763,15,0,94
764,56,0,94
765,42,0,94
766,48,0,95
767,3,0,95
768,51,0,95
769,44,0,95
770,2,0,96
771,36,0,96
772,32,0,96
773,6,0,96
774,32,0,96
775,42,0,96
776,40,0,97
777,6,0,97
778,29,0,97
779,50,0,97
780,44,0,97
781,45,0,97
782,50,0,97
783,17,0,97
784,45,0,97
785,9,0,97
786,42,0,97
787,36,0,97
788,48,0,97
789,26,0,98
790,19,0,98
791,18,0,98
792,56,0,98
793,38,0,99
794,47,0,99
795,8,0,99
796,14,0,99
797,45,0,99
798,58,0,99
799,52,0,99
800,5,0,99
801,8,0,99
802,46,0,99
803,23,0,100
804,26,0,101
805,20,0,101
806,40,0,101
807,16,0,101
808,12,0,101
809,31,0,101
810,11,0,101
811,40,0,101
812,11,0,101
813,30,0,102
814,35,0,102
815,7,0,102
816,15,0,103
817,31,0,103
818,20,0,103
819,41,0,103
820,36,0,104
821,43,0,104
822,57,0,104
823,30,0,104
824,58,0,104
825,22,0,104
826,24,0,104
827,34,0,104
828,15,0,104
829,56,0,104
830,41,0,104
831,7,0,104
832,15,0,105
833,36,0,105
834,25,0,105
835,6,0,105
836,34,0,105
837,31,0,105
838,19,0,105
839,42,0,105
840,17,0,105
841,8,0,105
842,34,0,105
843,28,0,105
844,2,0,106
845,21,0,106
846,11,0,106
847,5,0,106
848,35,0,106
849,40,0,106
850,54,0,106
851,25,0,106
852,25,0,107
853,49,0,108
854,51,0,108
855,40,0,108
856,29,0,108
857,12,0,108
858,55,0,109
859,24,0,109
860,48,0,109
861,35,0,109
862,17,0,109
863,54,0,109
864,51,0,109
865,33,0,109
866,32,0,109
867,5,0,109
868,7,0,109
869,38,0,109
870,25,0,109
871,1,0,109
872,55,0,110
873,23,0,110
874,57,0,110
875,13,0,110
876,27,0,111
877,34,0,111
878,7,0,111
879,34,0,111
880,9,0,111
881,23,0,111
882,33,0,111
883,37,0,111
884,45,0,111
885,21,0,111
886,44,0,111
887,54,0,111
888,5,0,111
889,51,0,112
890,43,0,112
891,53,0,112
892,19,0,112
893,7,0,112
894,18,0,112
895,36,0,112
896,24,0,112
897,19,0,112
898,13,0,113
899,7,0,113
900,6,0,113
901,48,0,113
902,5,0,113
903,15,0,113
904,52,0,113
905,42,0,113
906,35,0,113
907,1,0,113
908,4,0,113
909,41,0,113
910,17,0,113
911,43,0,114
912,46,0,114
913,51,0,114
914,3,0,114
915,55,0,115
916,21,0,116
917,11,0,116
918,12,0,116
919,29,0,116
920,45,0,116
921,50,0,116
922,53,0,117
923,19,0,117
924,40,0,117
925,43,0,117
926,7,0,118
927,21,0,118
928,53,0,118
929,23,0,118
930,2,0,118
931,58,0,118
932,57,0,118
933,30,0,119
934,19,0,119
935,26,0,119
936,24,0,119
937,48,0,119
938,9,0,119
939,21,0,119
940,38,0,119
941,25,0,119
942,51,0,119
943,56,0,119
944,5,0,119
945,56,0,120
946,15,0,120
947,11,0,120
948,15,0,120
949,6,0,120
950,47,0,120
951,3,0,120
952,42,0,120
953,27,0,120
954,21,0,121
955,24,0,121
956,16,0,122
957,44,0,122
958,53,0,122
959,33,0,122
960,2,0,122
961,30,0,122
962,29,0,122
963,11,0,122
964,9,0,122
965,18,0,122
966,1,0,122
967,42,0,123
968,55,0,123
969,41,0,123
970,10,0,123
971,11,0,123
972,53,0,123
973,7,0,123
974,53,0,123
975,48,0,123
976,26,0,123
977,52,0,124
978,50,0,124
979,30,0,124
980,58,0,124
981,39,0,124
982,7,0,124
983,22,0,124
984,49,0,125
985,8,0,125
986,49,0,125
987,22,0,125
988,19,0,125
989,14,0,125
990,43,0,125
991,57,0,125
992,43,0,125
993,25,0,125
994,14,0,126
995,53,0,126
996,57,0,126
997,8,0,126
998,43,0,126
999,49,0,126
1000,48,0,126
1001,43,0,126
1002,53,0,126
1003,46,0,126
1004,55,0,127
1005,3,0,127
1006,54,0,127
1007,4,0,127
1008,11,0,127
1009,38,0,127
1010,44,0,127
1011,15,0,127
1012,41,0,127
1013,5,0,127
1014,26,0,127
1015,32,0,128
1016,4,0,128
1017,18,0,128
1018,38,0,129
1019,17,0,129
1020,39,0,129
1021,53,0,129
1022,45,0,129
1023,2,0,129
1024,46,0,129
1025,30,0,129
1026,8,0,129
1027,2,0,129
1028,22,0,129
1029,34,0,130
1030,2,0,130
1031,48,0,130
1032,33,0,130
1033,50,0,130
1034,44,0,130
1035,52,0,130
1036,37,0,130
1037,3,0,131
1038,1,0,131
1039,43,0,131
1040,16,0,131
1041,55,0,131
1042,4,0,131
1043,3,0,131
1044,3,0,131
1045,35,0,131
1046,54,0,131
1047,55,0,131
1048,7,0,132
1049,21,0,132
1050,15,0,132
1051,30,0,132
1052,49,0,132
1053,20,0,132
1054,52,0,132
1055,32,0,132
1056,34,0,132
1057,44,0,132
1058,45,0,132
1059,36,0,132
1060,57,0,132
1061,39,0,132
1062,21,0,132
1063,6,0,133
1064,35,0,133
1065,17,0,133
1066,6,0,133
1067,16,0,134
1068,16,0,134
1069,51,0,134
1070,1,0,134
1071,21,0,134
1072,44,0,134
1073,43,0,134
1074,50,0,134
1075,9,0,134
1076,29,0,135
1077,41,0,135
1078,8,0,136
1079,17,0,136
1080,24,0,136
1081,25,0,136
1082,19,0,136
1083,18,0,136
1084,52,0,136
1085,58,0,136
1086,31,0,136
1087,13,0,136
1088,25,0,136
1089,23,0,137
1090,24,0,137
1091,14,0,138
1092,52,0,138
1093,54,0,138
1094,42,0,138
1095,39,0,138
1096,7,0,138
1097,7,0,138
1098,13,0,139
1099,9,0,139
1100,1,0,139
1101,5,0,139
1102,14,0,139
1103,32,0,139
1104,45,0,139
1105,24,0,139
1106,33,0,139
1107,45,0,139
1108,49,0,139
1109,42,0,139
1110,26,0,139
1111,16,0,139
1112,17,0,139
1113,13,0,140
1114,7,0,141
1115,27,0,141
1116,2,0,141
1117,39,0,141
1118,14,0,141
1119,14,0,141
1120,32,0,141
1121,37,0,141
1122,13,0,141
1123,18,0,141
1124,58,0,142
1125,3,0,142
1126,3,0,142
1127,40,0,142
1128,30,0,142
1129,56,0,143
1130,57,0,143
1131,19,0,143
1132,18,0,143
1133,22,0,143
1134,5,0,143
1135,8,0,143
1136,55,0,143
1137,1,0,143
1138,48,0,143
1139,51,0,143
1140,41,0,144
1141,1,0,144
1142,34,0,144
1143,3,0,144
1144,54,0,144
1145,12,0,144
1146,46,0,144
1147,14,0,144
1148,9,0,144
1149,27,0,144
1150,13,0,144
1151,41,0,144
1152,6,0,145
1153,11,0,145
1154,30,0,145
1155,4,0,145
1156,24,0,145
1157,22,0,145
1158,49,0,145
1159,44,0,145
1160,47,0,145
1161,32,0,145
1162,51,0,145
1163,21,0,146
1164,22,0,146
1165,26,0,146
1166,1,0,146
1167,55,0,146
1168,48,0,146
1169,44,0,146
1170,40,0,146
1171,17,0,146
1172,19,0,146
1173,8,0,147
1174,20,0,147
1175,38,0,147
1176,30,0,147
1177,7,0,148
1178,52,0,148
1179,32,0,148
1180,15,0,148
1181,55,0,148
1182,58,0,148
1183,40,0,148
1184,22,0,148
1185,4,0,148
1186,29,0,148
1187,12,0,148
1188,28,0,148
1189,23,0,148
1190,18,0,149
1191,3,0,149
1192,9,0,149
1193,58,0,149
1194,49,0,149
1195,40,0,149
1196,44,0,149
1197,50,0,149
1198,38,0,150
1199,3,0,150
1200,41,0,150
1201,50,0,150
1202,49,0,150
1203,46,0,151
1204,52,0,151
1205,57,0,151
1206,15,0,152
1207,23,0,152
1208,1,0,152
1209,58,0,152
1210,22,0,152
1211,36,0,152
1212,56,0,152
1213,4,0,152
1214,48,0,152
1215,46,0,152
1216,5,0,152
1217,13,0,152
1218,15,0,153
1219,5,0,153
1220,28,0,153
1221,49,0,153
1222,10,0,153
1223,27,0,154
1224,54,0,154
1225,42,0,154
1226,14,0,154
1227,26,0,154
1228,40,0,154
1229,5,0,154
1230,27,0,154
1231,11,0,154
1232,16,0,154
1233,52,0,154
1234,29,0,154
1235,48,0,155
1236,42,0,155
1237,37,0,155
1238,21,0,155
1239,42,0,155
1240,45,0,155
1241,9,0,155
1242,11,0,155
1243,16,0,155
1244,14,0,155
1245,23,0,155
1246,28,0,155
1247,22,0,155
1248,50,0,155
1249,45,0,156
1250,31,0,156
1251,52,0,156
1252,28,0,156
1253,11,0,156
1254,21,0,156
1255,51,0,156
1256,6,0,157
1257,41,0,157
1258,48,0,157
1259,7,0,157
1260,33,0,157
1261,57,0,157
1262,56,0,157
1263,27,0,157
1264,51,0,157
1265,52,0,157
1266,30,0,157
1267,15,0,157
1268,34,0,157
1269,20,0,157
1270,54,0,158
1271,13,0,158
1272,31,0,158
1273,9,0,158
1274,10,0,158
1275,54,0,159
1276,21,0,159
1277,29,0,159
1278,35,0,159
1279,1,0,159
1280,1,0,159
1281,12,0,159
1282,19,0,159
1283,23,0,159
1284,6,0,159
1285,58,0,159
1286,14,0,159
1287,52,0,159
1288,57,0,159
1289,33,0,160
1290,34,0,160
1291,29,0,160
1292,18,0,160
1293,36,0,161
1294,33,0,161
1295,19,0,161
1296,23,0,161
1297,27,0,161
1298,23,0,161
1299,19,0,161
1300,3,0,161
1301,21,0,161
1302,40,0,161
1303,29,0,161
1304,46,0,161
1305,34,0,161
1306,6,0,162
1307,32,0,163
1308,24,0,163
1309,39,0,164
1310,55,0,164
1311,46,0,164
1312,1,0,164
1313,47,0,164
1314,19,0,165
1315,1,0,165
1316,21,0,165
1317,11,0,165
1318,26,0,165
1319,54,0,165
1320,9,0,165
1321,1,0,165
1322,18,0,165
1323,24,0,165
1324,33,0,165
1325,13,0,165
1326,48,0,165
1327,48,0,165
1328,46,0,166
1329,52,0,166
1330,6,0,166
1331,41,0,166
1332,56,0,166
1333,17,0,166
1334,5,0,167
1335,3,0,167
1336,51,0,167
1337,41,0,167
1338,53,0,167
1339,42,0,167
1340,2,0,167
1341,34,0,167
1342,27,0,167
1343,18,0,167
1344,45,0,167
1345,1,0,168
1346,1,0,168
1347,3,0,168
1348,10,0,169
1349,21,0,169
1350,34,0,169
1351,42,0,169
1352,49,0,169
1353,51,0,169
1354,41,0,169
1355,36,0,169
1356,13,0,169
1357,43,0,169
1358,45,0,169
1359,35,0,169
1360,35,0,169
1361,42,0,170
1362,48,0,170
1363,39,0,170
1364,40,0,170
1365,28,0,170
1366,26,0,171
1367,45,0,171
1368,49,0,171
1369,18,0,171
1370,40,0,171
1371,32,0,171
1372,49,0,171
1373,51,0,171
1374,54,0,171
1375,34,0,171
1376,44,0,171
1377,47,0,171
1378,42,0,171
1379,58,0,171
1380,45,0,171
1381,58,0,172
1382,37,0,172
1383,26,0,173
1384,24,0,173
1385,41,0,173
1386,29,0,173
1387,40,0,173
1388,23,0,173
1389,16,0,173
1390,46,0,173
1391,15,0,173
1392,43,0,173
1393,5,0,173
1394,36,0,173
1395,2,0,173
1396,21,0,174
1397,15,0,174
1398,58,0,174
1399,26,0,174
1400,28,0,174
1401,28,0,174
1402,47,0,174
1403,37,0,174
1404,42,0,175
1405,2,0,175
1406,10,0,175
1407,13,0,175
1408,50,0,175
1409,38,0,175
1410,26,0,175
1411,20,0,175
1412,44,0,175
1413,52,0,175
1414,39,0,175
1415,16,0,175
1416,42,0,175
1417,45,0,175
1418,47,0,176
1419,12,0,176
1420,4,0,176
1421,58,0,176
1422,29,0,177
1423,1,0,178
1424,37,0,178
1425,25,0,178
1426,4,0,178
1427,21,0,178
1428,52,0,178
1429,52,0,178
1430,53,0,178
1431,54,0,178
1432,58,0,178
1433,15,0,178
1434,41,0,178
1435,10,0,178
1436,35,0,178
1437,8,0,178
1438,29,0,179
1439,3,0,179
1440,31,0,179
1441,54,0,179
1442,48,0,179
1443,14,0,179
1444,16,0,179
1445,45,0,179
1446,40,0,179
1447,53,0,180
1448,25,0,180
1449,37,0,180
1450,55,0,180
1451,33,0,180
1452,51,0,180
1453,10,0,180
1454,40,0,180
1455,58,0,180
1456,46,0,181
1457,41,0,181
1458,5,0,181
1459,43,0,181
1460,38,0,182
1461,15,0,182
1462,28,0,182
1463,21,0,182
1464,55,0,182
1465,8,0,182
1466,32,0,182
1467,37,0,182
1468,20,0,182
1469,14,0,182
1470,9,0,182
1471,45,0,182
1472,6,0,182
1473,1,0,182
1474,58,0,183
1475,26,0,183
1476,1,0,183
1477,47,0,184
1478,33,0,184
1479,30,0,184
1480,51,0,184
1481,23,0,184
1482,36,0,184
1483,25,0,184
1484,42,0,184
1485,19,0,184
1486,57,0,184
1487,9,0,184
1488,58,0,184
1489,3,0,184
1490,28,0,185
1491,46,0,185
1492,5,0,185
1493,22,0,185
1494,15,0,185
1495,58,0,186
1496,13,0,186
1497,38,0,186
1498,21,0,186
1499,10,0,186
1500,46,0,186
1501,3,0,186
1502,19,0,186
1503,42,0,187
1504,28,0,188
1505,12,0,188
1506,38,0,188
1507,24,0,188
1508,8,0,188
1509,32,0,188
1510,35,0,188
1511,5,0,188
1512,18,0,188
1513,26,0,188
1514,35,0,188
1515,1,0,188
1516,32,0,188
1517,27,0,188
1518,36,0,188
1519,8,0,189
1520,50,0,190
1521,26,0,190
1522,55,0,190
1523,4,0,190
1524,16,0,190
1525,21,0,190
1526,42,0,190
1527,36,0,190
1528,41,0,191
1529,34,0,191
1530,35,0,191
1531,11,0,191
1532,14,0,191
1533,45,0,191
1534,14,0,191
1535,48,0,191
1536,11,0,191
1537,50,0,192
1538,43,0,192
1539,57,0,192
1540,9,0,192
1541,57,0,192
1542,8,0,192
1543,41,0,192
1544,57,0,192
1545,28,0,193
1546,30,0,193
1547,34,0,194
1548,1,0,194
1549,33,0,194
1550,23,0,194
1551,27,0,194
1552,31,0,194
1553,1,0,194
1554,39,0,195
1555,16,0,195
1556,43,0,195
1557,57,0,195
1558,32,0,195
1559,20,0,195
1560,1,0,196
1561,4,0,196
1562,39,0,196
1563,2,0,196
1564,27,0,197
1565,17,0,197
1566,8,0,197
1567,50,0,197
1568,40,0,197
1569,14,0,197
1570,5,0,197
1571,27,0,197
1572,47,0,197
1573,35,0,197
1574,18,0,197
1575,23,0,197
1576,26,0,198
1577,17,0,198
1578,43,0,198
1579,8,0,198
1580,4,0,198
1581,25,0,198
1582,35,0,198
1583,30,0,199
1584,52,0,199
1585,12,0,199
1586,34,0,199
1587,57,0,199
1588,56,0,199
1589,51,0,199
1590,8,0,199
1591,26,0,199
1592,31,0,199
1593,27,0,199
1594,48,0,199
1595,27,0,200
1596,35,0,200
1597,50,0,200
1598,32,0,201
1599,16,0,201
1600,31,0,201
1601,1,0,201
1602,12,0,201
1603,54,0,201
1604,1,0,201
1605,51,0,201
1606,3,0,201
1607,19,0,201
1608,31,0,202
1609,20,0,202
1610,5,0,202
1611,32,0,202
1612,34,0,202
1613,4,0,202
1614,48,0,202
1615,35,0,202
1616,20,0,203
1617,39,0,203
1618,12,0,203
1619,10,0,203
1620,6,0,203
1621,47,0,203
1622,14,0,203
1623,17,0,204
1624,26,0,204
1625,35,0,204
1626,28,0,204
1627,44,0,204
1628,58,0,204
1629,44,0,204
1630,21,0,204
1631,53,0,204
1632,41,0,205
1633,9,0,205
1634,37,0,206
1635,8,0,206
1636,2,0,206
1637,23,0,206
1638,38,0,206
1639,32,0,206
1640,30,0,206
1641,21,0,207
1642,11,0,207
1643,53,0,207
1644,29,0,207
1645,44,0,207
1646,35,0,207
1647,39,0,207
1648,14,0,207
1649,17,0,207
1650,18,0,207
1651,32,0,207
1652,32,0,207
1653,48,0,207
1654,40,0,207
1655,18,0,207
1656,5,0,208
1657,14,0,208
1658,42,0,208
1659,29,0,208
1660,51,0,208
1661,14,0,208
1662,4,0,208
1663,1,0,208
1664,1,0,208
1665,34,0,208
1666,17,0,208
1667,12,0,208
1668,1,0,208
1669,29,0,209
1670,55,0,209
1671,2,0,209
1672,31,0,209
1673,41,0,209
1674,9,0,209
1675,4,0,209
1676,52,0,209
1677,57,0,209
1678,20,0,209
1679,3,0,210
1680,29,0,210
1681,9,0,210
1682,55,0,210
1683,20,0,210
1684,4,0,210
1685,21,0,210
1686,10,0,210
1687,26,0,210
1688,43,0,210
1689,41,0,211
1690,57,0,211
1691,35,0,211
1692,17,0,211
1693,31,0,211
1694,38,0,211
1695,44,0,211
1696,49,0,212
1697,25,0,212
1698,11,0,212
1699,19,0,212
1700,11,0,212
1701,21,0,212
1702,48,0,212
1703,27,0,212
1704,12,0,212
1705,24,0,213
1706,16,0,213
1707,52,0,213
1708,34,0,213
1709,26,0,213
1710,28,0,214
1711,10,0,214
1712,56,0,214
1713,55,0,214
1714,46,0,214
1715,25,0,214
1716,32,0,214
1717,14,0,214
1718,35,0,214
1719,3,0,214
1720,32,0,215
1721,44,0,215
1722,3,0,215
1723,42,0,215
1724,50,0,215
1725,41,0,215
1726,28,0,215
1727,26,0,215
1728,38,0,215
1729,22,0,215
1730,1,0,216
1731,33,0,216
1732,53,0,216
1733,46,0,216
1734,40,0,216
1735,3,0,216
1736,17,0,216
1737,52,0,216
1738,13,0,216
1739,5,0,216
1740,18,0,216
1741,38,0,216
1742,58,0,216
1743,33,0,216
1744,35,0,217
1745,56,0,217
1746,36,0,217
1747,52,0,217
1748,23,0,217
1749,7,0,217
1750,28,0,217
1751,48,0,217
1752,23,0,217
1753,30,0,217
1754,2,0,217
1755,19,0,218
1756,51,0,218
1757,21,0,218
1758,46,0,218
1759,17,0,218
1760,21,0,219
1761,25,0,219
1762,51,0,219
1763,37,0,219
1764,55,0,219
1765,28,0,219
1766,25,0,219
1767,53,0,219
1768,23,0,219
1769,56,0,219
1770,8,0,219
1771,13,0,220
1772,4,0,220
1773,1,0,221
1774,18,0,221
1775,35,0,221
1776,58,0,221
1777,21,0,221
1778,34,0,221
1779,40,0,221
1780,42,0,221
1781,49,0,221
1782,36,0,222
1783,28,0,222
1784,16,0,222
1785,15,0,222
1786,25,0,222
1787,57,0,222
1788,19,0,222
1789,9,0,223
1790,1,0,224
1791,38,0,224
1792,42,0,224
1793,31,0,224
1794,21,0,225
1795,49,0,225
1796,44,0,225
1797,53,0,225
1798,16,0,225
1799,2,0,225
1800,53,0,225
1801,55,0,225
1802,39,0,225
1803,18,0,225
1804,26,0,226
1805,30,0,227
1806,41,0,227
1807,54,0,227
1808,17,0,227
1809,7,0,227
1810,43,0,227
1811,36,0,227
1812,19,0,227
1813,26,0,227
1814,58,0,228
1815,47,0,228
1816,18,0,228
1817,31,0,228
1818,30,0,228
1819,19,0,228
1820,26,0,228
1821,42,0,228
1822,1,0,228
1823,8,0,228
1824,25,0,229
1825,34,0,229
1826,25,0,229
1827,36,0,229
1828,58,0,229
1829,33,0,229
1830,42,0,229
1831,22,0,229
1832,19,0,229
1833,50,0,229
1834,11,0,229
1835,19,0,229
1836,37,0,230
1837,25,0,230
1838,23,0,230
1839,8,0,230
1840,3,0,230
1841,47,0,231
1842,7,0,231
1843,51,0,231
1844,56,0,231
1845,20,0,231
1846,31,0,231
1847,45,0,231
1848,2,0,232
1849,5,0,232
1850,48,0,232
1851,16,0,232
1852,50,0,232
1853,34,0,232
1854,2,0,232
1855,17,0,232
1856,30,0,232
1857,30,0,232
1858,56,0,232
1859,50,0,233
1860,3,0,233
1861,12,0,233
1862,35,0,234
1863,22,0,234
1864,13,0,234
1865,37,0,234
1866,2,0,234
1867,50,0,234
1868,6,0,234
1869,20,0,234
1870,6,0,234
1871,5,0,234
1872,5,0,234
1873,6,0,234
1874,30,0,234
1875,48,0,234
1876,33,0,234
1877,10,0,235
1878,11,0,235
1879,2,0,235
1880,20,0,236
1881,15,0,236
1882,22,0,236
1883,56,0,236
1884,54,0,236
1885,46,0,236
1886,47,0,236
1887,6,0,236
1888,42,0,236
1889,13,0,237
1890,24,0,237
1891,15,0,237
1892,43,0,237
1893,40,0,237
1894,46,0,237
1895,26,0,237
1896,4,0,237
1897,37,0,238
1898,15,0,238
1899,40,0,238
1900,33,0,238
1901,21,0,238
1902,4,0,239
1903,47,0,240
1904,21,0,240
1905,53,0,240
1906,47,0,240
1907,18,0,240
1908,17,0,241
1909,43,0,241
1910,49,0,241
1911,18,0,242
1912,17,0,242
1913,28,0,242
1914,44,0,242
1915,40,0,242
1916,15,0,242
1917,4,0,242
1918,42,0,242
1919,10,0,242
1920,36,0,242
1921,12,0,242
1922,53,0,242
1923,11,0,242
1924,32,0,242
1925,37,0,242
1926,32,0,243
1927,32,0,243
1928,56,0,243
1929,26,0,243
1930,13,0,243
1931,56,0,243
1932,56,0,243
1933,51,0,243
1934,38,0,243
1935,16,0,244
1936,24,0,244
1937,33,0,244
1938,24,0,245
1939,6,0,245
1940,21,0,245
1941,47,0,246
1942,25,0,246
1943,21,0,246
1944,29,0,246
1945,39,0,246
1946,55,0,246
1947,26,0,246
1948,53,0,246
1949,23,0,246
1950,2,0,246
1951,38,0,246
1952,30,0,247
1953,38,0,247
1954,30,0,247
1955,57,0,247
1956,3,0,247
1957,23,0,247
1958,53,0,247
1959,13,0,247
1960,7,0,248
1961,38,0,248
1962,30,0,248
1963,58,0,248
1964,25,0,248
1965,45,0,248
1966,13,0,248
1967,27,0,248
1968,14,0,248
1969,11,0,248
1970,16,0,248
1971,20,0,248
1972,50,0,248
1973,32,0,249
1974,57,0,249
1975,13,0,249
1976,40,0,249
1977,18,0,249
1978,15,0,249
1979,54,0,249
1980,36,0,249
1981,18,0,249
1982,28,0,249
1983,20,0,249
1984,26,0,249
1985,12,0,249
1986,50,0,249
1987,53,0,250
1988,40,0,250
1989,45,0,250
1990,6,0,250
1991,54,0,250
1992,49,0,250
1993,38,0,250
1994,13,0,250
1995,23,0,250
1996,40,0,251
1997,2,0,251
1998,12,0,251
1999,3,0,251
2000,26,0,251
2001,37,0,251
2002,28,0,251
2003,23,0,251
2004,35,0,251
2005,40,0,251
2006,37,0,251
2007,38,0,251
2008,3,0,251
2009,6,0,251
2010,9,0,252
2011,48,0,252
2012,46,0,252
2013,30,0,252
2014,18,0,252
2015,41,0,253
2016,52,0,253
2017,15,0,253
2018,23,0,253
2019,56,0,253
2020,23,0,253
2021,11,0,253
2022,37,0,253
2023,29,0,253
2024,12,0,253
2025,16,0,253
2026,36,0,253
2027,36,0,253
2028,57,0,254
2029,37,0,254
2030,23,0,254
2031,7,0,254
2032,30,0,254
2033,7,0,254
2034,40,0,254
2035,13,0,254
2036,27,0,254
2037,52,0,254
2038,39,0,254
2039,44,0,254
2040,20,0,255
2041,1,0,255
2042,11,0,255
2043,20,0,255
2044,42,0,255
2045,52,0,255
2046,10,0,255
2047,49,0,255
2048,16,0,255
2049,18,0,255
2050,2,0,255
2051,28,0,255
2052,26,0,255
2053,55,0,255
2054,33,0,255
2055,21,0,256
2056,10,0,256
2057,56,0,256
2058,15,0,256
2059,10,0,256
2060,16,0,256
2061,3,0,256
2062,28,0,256
2063,55,0,256
2064,25,0,256
2065,42,0,257
2066,25,0,257
2067,29,0,257
2068,50,0,257
2069,35,0,257
2070,43,0,257
2071,5,0,257
2072,54,0,257
2073,49,0,257
2074,38,0,258
2075,30,0,258
2076,54,0,258
2077,8,0,258
2078,22,0,258
2079,8,0,258
2080,56,0,258
2081,24,0,258
2082,44,0,259
2083,26,0,259
2084,41,0,259
2085,24,0,259
2086,13,0,259
2087,26,0,259
2088,55,0,259
2089,13,0,259
2090,56,0,259
2091,20,0,260
2092,57,0,260
2093,42,0,261
2094,53,0,261
2095,39,0,261
2096,19,0,261
2097,46,0,261
2098,56,0,261
2099,56,0,261
2100,10,0,261
2101,21,0,261
2102,40,0,261
2103,21,0,261
2104,10,0,262
2105,35,0,262
2106,57,0,262
2107,8,0,262
2108,41,0,262
2109,58,0,262
2110,57,0,262
2111,30,0,262
2112,41,0,262
2113,13,0,262
2114,39,0,262
2115,14,0,262
2116,33,0,262
2117,58,0,262
2118,36,0,262
2119,7,0,263
2120,31,0,263
2121,25,0,263
2122,43,0,263
2123,44,0,264
2124,31,0,264
2125,4,0,264
2126,2,0,264
2127,22,0,264
2128,34,0,264
2129,26,0,265
2130,42,0,265
2131,32,0,265
2132,51,0,265
2133,23,0,265
2134,15,0,265
2135,15,0,266
2136,55,0,266
2137,15,0,266
2138,28,0,267
2139,2,0,268
2140,24,0,268
2141,45,0,268
2142,22,0,268
2143,12,0,268
2144,23,0,268
2145,29,0,268
2146,19,0,268
2147,47,0,268
2148,39,0,268
2149,31,0,268
2150,23,0,268
2151,37,0,268
2152,37,0,268
2153,47,0,269
2154,42,0,269
2155,11,0,269
2156,52,0,269
2157,33,0,269
2158,42,0,269
2159,38,0,269
2160,27,0,269
2161,35,0,269
2162,38,0,269
2163,46,0,269
2164,14,0,269
2165,42,0,269
2166,7,0,270
2167,6,0,270
2168,39,0,270
2169,12,0,270
2170,58,0,271
2171,18,0,271
2172,34,0,272
2173,8,0,272
2174,37,0,272
2175,46,0,272
2176,23,0,272
2177,9,0,272
2178,19,0,272
2179,31,0,272
2180,41,0,272
2181,9,0,272
2182,56,0,272
2183,13,0,272
2184,25,0,272
2185,24,0,273
2186,7,0,273
2187,11,0,273
2188,53,0,273
2189,19,0,273
2190,38,0,273
2191,44,0,273
2192,53,0,273
2193,28,0,273
2194,21,0,273
2195,17,0,273
2196,41,0,273
2197,47,0,273
2198,9,0,273
2199,57,0,273
2200,28,0,274
2201,57,0,274
2202,16,0,274
2203,1,0,274
2204,47,0,274
2205,5,0,274
2206,39,0,275
2207,47,0,275
2208,54,0,275
2209,36,0,275
2210,53,0,275
2211,27,0,275
2212,58,0,275
2213,2,0,275
2214,1,0,276
2215,54,0,276
2216,26,0,276
2217,8,0,276
2218,39,0,276
2219,48,0,277
2220,37,0,277
2221,48,0,277
2222,11,0,277
2223,31,0,277
2224,25,0,277
2225,12,0,277
2226,31,0,277
2227,38,0,277
2228,49,0,277
2229,11,0,277
2230,10,0,278
2231,17,0,278
2232,52,0,278
2233,15,0,278
2234,47,0,278
2235,34,0,278
2236,13,0,278
2237,37,0,278
2238,14,0,278
2239,24,0,278
2240,13,0,278
2241,31,0,278
2242,36,0,278
2243,5,0,278
2244,4,0,278
2245,53,0,279
2246,25,0,279
2247,55,0,279
2248,10,0,279
2249,22,0,279
2250,40,0,279
2251,4,0,279
2252,8,0,279
2253,34,0,279
2254,32,0,280
2255,20,0,280
2256,10,0,280
2257,30,0,280
2258,24,0,280
2259,49,0,280
2260,9,0,280
2261,29,0,280
2262,52,0,280
2263,43,0,281
2264,53,0,281
2265,48,0,281
2266,5,0,281
2267,3,0,281
2268,13,0,281
2269,54,0,281
2270,15,0,281
2271,23,0,281
2272,19,0,281
2273,22,0,281
2274,58,0,282
2275,23,0,282
2276,40,0,282
2277,30,0,282
2278,45,0,282
2279,46,0,282
2280,56,0,283
2281,7,0,283
2282,7,0,284
2283,47,0,284
2284,26,0,284
2285,41,0,284
2286,2,0,284
2287,10,0,284
2288,16,0,284
2289,23,0,284
2290,18,0,284
2291,37,0,284
2292,18,0,284
2293,15,0,284
2294,23,0,284
2295,31,0,284
2296,40,0,284
2297,30,0,285
2298,25,0,285
2299,33,0,285
2300,39,0,285
2301,36,0,285
2302,13,0,285
2303,32,0,285
2304,56,0,285
2305,31,0,285
2306,53,0,285
2307,49,0,285
2308,55,0,285
2309,17,0,285
2310,30,0,285
2311,56,0,286
2312,21,0,286
2313,16,0,286
2314,28,0,286
2315,38,0,286
2316,37,0,286
2317,55,0,286
2318,54,0,286
2319,4,0,286
2320,52,0,286
2321,51,0,286
2322,19,0,286
2323,1,0,287
2324,45,0,287
2325,52,0,287
2326,43,0,287
2327,37,0,287
2328,2,0,287
2329,19,0,287
2330,22,0,287
2331,51,0,287
2332,28,0,287
2333,27,0,287
2334,43,0,287
2335,43,0,287
2336,24,0,288
2337,18,0,288
2338,28,0,288
2339,14,0,288
2340,8,0,288
2341,44,0,288
2342,11,0,288
2343,38,0,288
2344,56,0,288
2345,47,0,289
2346,3,0,289
2347,21,0,289
2348,42,0,289
2349,22,0,289
2350,42,0,290
2351,50,0,290
2352,8,0,291
2353,50,0,291
2354,37,0,291
2355,19,0,291
2356,24,0,291
2357,7,0,291
2358,58,0,291
2359,48,0,291
2360,34,0,291
2361,8,0,291
2362,49,0,291
2363,50,0,291
2364,2,0,291
2365,42,0,291
2366,52,0,291
2367,25,0,292
2368,14,0,292
2369,35,0,292
2370,52,0,292
2371,45,0,292
2372,2,0,292
2373,20,0,292
2374,11,0,292
2375,15,0,292
2376,34,0,292
2377,6,0,292
2378,3,0,292
2379,52,0,292
2380,41,0,292
2381,3,0,293
2382,11,0,293
2383,26,0,293
2384,34,0,293
2385,9,0,293
2386,36,0,293
2387,11,0,293
2388,20,0,294
2389,24,0,294
2390,41,0,294
2391,45,0,295
2392,49,0,295
2393,15,0,295
2394,55,0,295
2395,16,0,295
2396,16,0,295
2397,51,0,295
2398,56,0,295
2399,12,0,295
2400,50,0,295
2401,32,0,295
2402,14,0,295
2403,23,0,295
2404,24,0,295
2405,3,0,296
2406,13,0,296
2407,28,0,296
2408,42,0,296
2409,11,0,296
2410,16,0,296
2411,23,0,296
2412,54,0,297
2413,11,0,297
2414,27,0,297
2415,57,0,297
2416,51,0,297
2417,15,0,297
2418,36,0,297
2419,4,0,297
2420,58,0,297
2421,54,0,297
2422,15,0,298
2423,36,0,298
2424,34,0,298
2425,47,0,298
2426,11,0,298
2427,49,0,298
2428,2,0,298
2429,39,0,299
2430,7,0,299
2431,14,0,299
2432,42,0,299
2433,30,0,299
2434,57,0,299
2435,38,0,299
2436,32,0,299
2437,43,0,300
2438,13,0,300
2439,21,0,300
2440,2,0,300
2441,30,0,300
2442,13,0,300
2443,18,0,300
2444,27,0,300
2445,25,0,300
2446,17,0,300
2447,26,0,300
2448,38,0,300
2449,39,0,300
2450,28,0,300
2451,37,0,300
2452,54,0,301
2453,8,0,301
2454,11,0,302
2455,44,0,302
2456,7,0,302
2457,23,0,302
2458,37,0,302
2459,28,0,302
2460,18,0,302
2461,27,0,302
2462,13,0,303
2463,7,0,303
2464,31,0,303
2465,27,0,303
2466,17,0,303
2467,5,0,304
2468,19,0,304
2469,36,0,304
2470,4,0,304
2471,36,0,304
2472,53,0,304
2473,12,0,304
2474,51,0,304
2475,40,0,304
2476,16,0,304
2477,53,0,304
2478,21,0,304
2479,40,0,304
2480,32,0,304
2481,28,0,304
2482,34,0,305
2483,51,0,305
2484,14,0,305
2485,29,0,305
2486,29,0,306
2487,17,0,306
2488,50,0,306
2489,27,0,306
2490,6,0,306
2491,20,0,306
2492,30,0,306
2493,17,0,306
2494,12,0,306
2495,11,0,306
2496,38,0,306
2497,19,0,306
2498,41,0,307
2499,8,0,307
2500,5,0,307
2501,57,0,307
2502,5,0,307
2503,3,0,308
2504,15,0,308
2505,52,0,308
2506,50,0,308
2507,32,0,308
2508,40,0,308
2509,54,0,308
2510,7,0,308
2511,55,0,308
2512,1,0,308
2513,18,0,308
2514,36,0,308
2515,43,0,308
2516,7,0,308
2517,49,0,308
2518,18,0,309
2519,27,0,309
2520,13,0,309
2521,26,0,309
2522,1,0,309
2523,37,0,309
2524,22,0,309
2525,56,0,309
2526,11,0,309
2527,45,0,309
2528,16,0,309
2529,28,0,309
2530,35,0,309
2531,15,0,310
2532,26,0,311
2533,40,0,311
2534,45,0,311
2535,31,0,311
2536,32,0,311
2537,11,0,311
2538,52,0,311
2539,23,0,311
2540,23,0,311
2541,53,0,311
2542,3,0,311
2543,27,0,311
2544,19,0,312
2545,55,0,312
2546,14,0,312
2547,21,0,312
2548,10,0,312
2549,43,0,312
2550,54,0,313
2551,36,0,313
2552,55,0,313
2553,11,0,313
2554,23,0,313
2555,7,0,314
2556,58,0,314
2557,55,0,314
2558,40,0,314
2559,2,0,314
2560,2,0,314
2561,3,0,314
2562,42,0,314
2563,30,0,314
2564,11,0,314
2565,22,0,314
2566,16,0,314
2567,10,0,314
2568,7,0,314
2569,19,0,315
2570,21,0,315
2571,38,0,315
2572,51,0,315
2573,51,0,315
2574,35,0,315
2575,32,0,316
2576,54,0,316
2577,32,0,316
2578,32,0,316
2579,35,0,316
2580,9,0,316
2581,24,0,316
2582,32,0,316
2583,25,0,316
2584,7,0,316
2585,40,0,316
2586,39,0,316
2587,41,0,317
2588,32,0,317
2589,23,0,317
2590,1,0,317
2591,57,0,317
2592,49,0,317
2593,18,0,317
2594,48,0,317
2595,15,0,317
2596,30,0,317
2597,29,0,317
2598,25,0,317
2599,54,0,317
2600,18,0,318
2601,45,0,318
2602,57,0,318
2603,24,0,318
2604,23,0,318
2605,28,0,318
2606,51,0,318
2607,15,0,318
2608,1,0,318
2609,16,0,318
2610,48,0,318
2611,50,0,318
2612,20,0,318
2613,8,0,318
2614,30,0,319
2615,38,0,319
2616,30,0,319
2617,35,0,319
2618,27,0,319
2619,10,0,319
2620,35,0,320
2621,10,0,320
2622,11,0,320
2623,43,0,321
2624,19,0,321
2625,2,0,321
2626,15,0,321
2627,54,0,321
2628,33,0,321
2629,46,0,321
2630,33,0,321
2631,34,0,321
2632,40,0,321
2633,36,0,321
2634,6,0,321
2635,2,0,322
2636,27,0,322
2637,10,0,322
2638,33,0,322
2639,4,0,322
2640,30,0,322
2641,48,0,322
2642,16,0,323
2643,49,0,323
2644,1,0,324
2645,36,0,324
2646,15,0,324
2647,8,0,324
2648,25,0,324
2649,51,0,324
2650,25,0,324
2651,13,0,324
2652,38,0,324
2653,45,0,324
2654,51,0,324
2655,56,0,325
2656,12,0,325
2657,34,0,325
2658,2,0,325
2659,40,0,325
2660,17,0,325
2661,52,0,325
2662,7,0,325
2663,30,0,325
2664,38,0,325
2665,26,0,325
2666,4,0,326
2667,15,0,326
2668,31,0,326
2669,19,0,326
2670,37,0,326
2671,57,0,326
2672,44,0,326
2673,41,0,326
2674,40,0,326
2675,50,0,326
2676,23,0,326
2677,15,0,326
2678,12,0,326
2679,3,0,327
2680,56,0,327
2681,33,0,327
2682,41,0,327
2683,3,0,327
2684,29,0,327
2685,31,0,327
2686,8,0,327
2687,9,0,327
2688,9,0,327
2689,31,0,327
2690,50,0,327
2691,47,0,327
2692,35,0,327
2693,42,0,327
2694,20,0,328
2695,26,0,328
2696,49,0,328
2697,8,0,328
2698,45,0,328
2699,19,0,328
2700,13,0,329
2701,41,0,330
2702,9,0,331
2703,36,0,331
2704,2,0,331
2705,32,0,332
2706,56,0,332
2707,29,0,332
2708,52,0,332
2709,1,0,332
2710,22,0,332
2711,40,0,332
2712,24,0,332
2713,44,0,332
2714,27,0,332
2715,9,0,332
2716,38,0,332
2717,21,0,333
2718,51,0,333
2719,58,0,333
2720,53,0,333
2721,46,0,333
2722,56,0,333
2723,54,0,333
2724,32,0,333
2725,58,0,333
2726,38,0,333
2727,15,0,333
2728,5,0,333
2729,25,0,333
2730,6,0,334
2731,9,0,334
2732,25,0,334
2733,26,0,334
2734,13,0,335
2735,10,0,335
2736,39,0,335
2737,26,0,335
2738,23,0,335
2739,38,0,336
2740,8,0,336
2741,47,0,336
2742,54,0,336
2743,13,0,336
2744,22,0,336
2745,51,0,336
2746,28,0,336
2747,5,0,336
2748,36,0,336
2749,11,0,336
2750,20,0,336
2751,45,0,336
2752,25,0,336
2753,34,0,337
2754,9,0,337
2755,48,0,337
2756,44,0,338
2757,29,0,338
2758,16,0,338
2759,19,0,338
2760,22,0,338
2761,36,0,338
2762,19,0,338
2763,28,0,338
2764,22,0,338
2765,53,0,338
2766,26,0,338
2767,40,0,338
2768,14,0,338
2769,4,0,338
2770,50,0,338
2771,27,0,339
2772,23,0,340
2773,58,0,340
2774,28,0,341
2775,44,0,341
2776,29,0,341
2777,12,0,341
2778,51,0,341
2779,53,0,341
2780,41,0,341
2781,48,0,341
2782,7,0,341
2783,47,0,341
2784,23,0,341
2785,9,0,341
2786,19,0,342
2787,22,0,342
2788,36,0,342
2789,48,0,342
2790,57,0,342
2791,43,0,342
2792,50,0,342
2793,10,0,343
2794,20,0,343
2795,31,0,343
2796,51,0,343
2797,27,0,343
2798,50,0,343
2799,46,0,343
2800,51,0,343
2801,19,0,344
2802,8,0,344
2803,40,0,344
2804,25,0,344
2805,33,0,344
2806,10,0,344
2807,46,0,345
2808,56,0,345
2809,52,0,346
2810,2,0,346
2811,19,0,346
2812,33,0,346
2813,56,0,346
2814,42,0,346
2815,57,0,346
2816,51,0,346
2817,57,0,346
2818,5,0,346
2819,23,0,346
2820,30,0,346
2821,7,0,346
2822,40,0,346
2823,5,0,346
2824,24,0,347
2825,27,0,347
2826,47,0,348
2827,14,0,348
2828,49,0,348
2829,16,0,348
2830,38,0,348
2831,42,0,348
2832,48,0,348
2833,3,0,348
2834,22,0,348
2835,22,0,348
2836,41,0,348
2837,29,0,348
2838,57,0,348
2839,2,0,348
2840,40,0,349
2841,11,0,349
2842,41,0,349
2843,4,0,349
2844,18,0,349
2845,1,0,349
2846,53,0,349
2847,30,0,349
2848,42,0,349
2849,35,0,349
2850,41,0,349
2851,1,0,349
2852,8,0,349
2853,1,0,349
2854,25,0,349
2855,14,0,350
2856,38,0,350
2857,7,0,350
2858,14,0,350
2859,32,0,350
2860,57,0,350
2861,44,0,350
2862,46,0,351
2863,57,0,351
2864,17,0,351
2865,43,0,351
2866,30,0,351
2867,3,0,351
2868,52,0,351
2869,45,0,351
2870,20,0,351
2871,51,0,351
2872,27,0,351
2873,51,0,351
2874,43,0,352
2875,43,0,352
2876,54,0,352
2877,49,0,352
2878,26,0,353
2879,52,0,353
2880,46,0,353
2881,18,0,354
2882,8,0,354
2883,50,0,354
2884,35,0,355
2885,28,0,355
2886,50,0,355
2887,48,0,355
2888,39,0,355
2889,35,0,355
2890,38,0,356
2891,10,0,356
2892,28,0,356
2893,31,0,356
2894,9,0,356
2895,56,0,356
2896,43,0,356
2897,9,0,356
2898,53,0,356
2899,38,0,356
2900,41,0,356
2901,50,0,356
2902,13,0,356
2903,43,0,356
2904,5,0,356
2905,53,0,357
2906,5,0,357
2907,43,0,357
2908,13,0,357
2909,42,0,357
2910,57,0,357
2911,41,0,358
2912,38,0,358
2913,53,0,358
2914,13,0,358
2915,41,0,358
2916,38,0,358
2917,7,0,359
2918,11,0,359
2919,46,0,359
2920,48,0,359
2921,7,0,359
2922,40,0,359
2923,3,0,359
2924,58,0,359
2925,23,0,359
2926,7,0,359
2927,49,0,359
2928,45,0,359
2929,47,0,359
2930,36,0,359
2931,54,0,360
2932,30,0,360
2933,58,0,360
2934,56,0,360
2935,47,0,361
2936,11,0,361
2937,24,0,361
2938,35,0,361
2939,23,0,361
2940,43,0,361
2941,46,0,361
2942,47,0,361
2943,31,0,361
2944,45,0,361
2945,10,0,362
2946,45,0,362
2947,1,0,362
2948,4,0,362
2949,20,0,362
2950,24,0,362
2951,6,0,362
2952,31,0,362
2953,2,0,362
2954,31,0,362
2955,34,0,362
2956,57,0,362
2957,42,0,362
2958,5,0,362
2959,9,0,363
2960,8,0,363
2961,20,0,363
2962,14,0,363
2963,8,0,363
2964,28,0,363
2965,40,0,363
2966,24,0,363
2967,4,0,363
2968,18,0,363
2969,27,0,363
2970,1,0,363
2971,49,0,364
2972,2,0,364
2973,18,0,364
2974,45,0,364
2975,23,0,364
2976,44,0,364
2977,22,0,364
2978,12,0,364
2979,13,0,365
2980,10,0,365
2981,45,0,365
2982,7,0,365
2983,34,0,365
2984,32,0,365
2985,30,0,366
2986,37,0,366
2987,58,0,366
2988,13,0,366
2989,5,0,366
2990,2,0,366
2991,13,0,366
2992,4,0,367
2993,38,0,367
2994,39,0,367
2995,54,0,367
2996,22,0,367
2997,41,0,368
2998,4,0,368
2999,11,0,368
3000,31,0,368
3001,9,0,368
3002,31,0,368
3003,7,0,368
3004,45,0,368
3005,4,0,368
3006,1,0,368
3007,42,0,369
3008,11,0,369
3009,8,0,369
3010,39,0,369
3011,19,0,369
3012,12,0,370
3013,31,0,370
3014,9,0,371
3015,17,0,371
3016,2,0,371
3017,26,0,371
3018,41,0,371
3019,14,0,371
3020,34,0,371
3021,56,0,372
3022,49,0,372
3023,12,0,372
3024,45,0,372
3025,16,0,372
3026,56,0,372
3027,23,0,372
3028,25,0,372
3029,34,0,372
3030,18,0,372
3031,57,0,372
3032,46,0,372
3033,51,0,372
3034,51,0,372
3035,24,0,372
3036,25,0,373
3037,20,0,373
3038,36,0,373
3039,7,0,373
3040,4,0,373
3041,2,0,373
3042,31,0,373
3043,29,0,373
3044,35,0,373
3045,40,0,373
3046,53,0,373
3047,39,0,373
3048,2,0,374
3049,16,0,374
3050,55,0,374
3051,6,0,374
3052,24,0,374
3053,32,0,374
3054,41,0,374
3055,51,0,374
3056,15,0,374
3057,11,0,374
3058,5,0,374
3059,38,0,374
3060,28,0,374
3061,47,0,374
3062,22,0,375
3063,45,0,376
3064,56,0,376
3065,44,0,376
3066,39,0,376
3067,18,0,377
3068,55,0,377
3069,52,0,378
3070,31,0,378
3071,4,0,378
3072,35,0,378
3073,20,0,378
3074,18,0,378
3075,40,0,378
3076,56,0,378
3077,35,0,378
3078,11,0,378
3079,17,0,378
3080,13,0,379
3081,57,0,379
3082,40,0,379
3083,44,0,380
3084,49,0,380
3085,5,0,380
3086,10,0,380
3087,2,0,381
3088,1,0,381
3089,22,0,381
3090,17,0,381
3091,21,0,381
3092,32,0,381
3093,1,0,381
3094,55,0,382
3095,44,0,382
3096,56,0,382
3097,58,0,383
3098,33,0,383
3099,14,0,383
3100,47,0,383
3101,11,0,383
3102,3,0,383
3103,48,0,383
3104,57,0,383
3105,23,0,383
3106,37,0,383
3107,27,0,384
3108,39,0,384
3109,31,0,384
3110,43,0,384
3111,56,0,384
3112,19,0,384
3113,32,0,384
3114,18,0,384
3115,16,0,384
3116,34,0,384
3117,40,0,384
3118,38,0,384
3119,27,0,384
3120,11,0,384
3121,43,0,384
3122,9,0,385
3123,56,0,385
3124,36,0,386
3125,44,0,386
3126,20,0,386
3127,57,0,386
3128,20,0,387
3129,34,0,387
3130,3,0,387
3131,15,0,387
3132,10,0,387
3133,17,0,387
3134,30,0,387
3135,50,0,387
3136,30,0,388
3137,47,0,388
3138,4,0,389
3139,10,0,389
3140,4,0,389
3141,46,0,389
3142,4,0,389
3143,31,0,389
3144,45,0,389
3145,49,0,389
3146,42,0,389
3147,53,0,389
3148,37,0,389
3149,36,0,390
3150,34,0,390
3151,34,0,390
3152,1,0,390
3153,51,0,390
3154,53,0,390
3155,37,0,390
3156,1,0,390
3157,10,0,391
3158,45,0,391
3159,29,0,391
3160,17,0,391
3161,50,0,391
3162,1,0,391
3163,57,0,391
3164,35,0,391
3165,9,0,391
3166,43,0,391
3167,40,0,391
3168,55,0,391
3169,15,0,391
3170,3,0,392
3171,24,0,392
3172,32,0,392
3173,53,0,392
3174,4,0,392
3175,9,0,392
3176,24,0,392
3177,34,0,392
3178,52,0,392
3179,47,0,392
3180,2,0,392
3181,28,0,392
3182,26,0,392
3183,45,0,393
3184,45,0,393
3185,51,0,393
3186,42,0,393
3187,33,0,393
3188,31,0,393
3189,9,0,393
3190,9,0,393
3191,38,0,393
3192,16,0,393
3193,48,0,393
3194,26,0,393
3195,37,0,393
3196,2,0,393
3197,55,0,394
3198,21,0,395
3199,6,0,395
3200,7,0,395
3201,16,0,395
3202,56,0,395
3203,10,0,396
3204,42,0,396
3205,16,0,396
3206,30,0,396
3207,29,0,396
3208,8,0,396
3209,49,0,396
3210,57,0,396
3211,37,0,396
3212,39,0,396
3213,7,0,396
3214,33,0,396
3215,17,0,396
3216,15,0,397
3217,29,0,397
3218,10,0,397
3219,56,0,397
3220,12,0,397
3221,52,0,397
3222,45,0,397
3223,36,0,398
3224,15,0,398
3225,39,0,398
3226,6,0,399
3227,40,0,399
3228,23,0,399
3229,44,0,399
3230,6,0,400
3231,45,0,400
3232,4,0,400
3233,41,0,400
3234,37,0,400
3235,34,0,400
3236,52,0,400
3237,50,0,400
3238,41,0,400
3239,1,0,400
3240,56,0,400
3241,58,0,400
3242,54,0,400
3243,45,0,400
3244,53,0,400
3245,29,0,401
3246,57,0,401
3247,53,0,402
3248,5,0,402
3249,16,0,402
3250,55,0,402
3251,45,0,402
3252,23,0,402
3253,33,0,403
3254,8,0,403
3255,37,0,403
3256,23,0,403
3257,54,0,403
3258,48,0,403
3259,52,0,403
3260,13,0,403
3261,45,0,403
3262,38,0,403
3263,44,0,403
3264,6,0,403
3265,20,0,403
3266,48,0,404
3267,23,0,404
3268,54,0,404
3269,1,0,404
3270,54,0,404
3271,39,0,404
3272,24,0,404
3273,40,0,404
3274,12,0,404
3275,18,0,404
3276,14,0,404
3277,8,0,404
3278,20,0,404
3279,21,0,404
3280,8,0,405
3281,50,0,405
3282,7,0,405
3283,58,0,405
3284,45,0,405
3285,19,0,405
3286,19,0,405
3287,24,0,405
3288,45,0,405
3289,12,0,405
3290,58,0,405
3291,18,0,405
3292,43,0,406
3293,47,0,406
3294,3,0,406
3295,46,0,406
3296,39,0,406
3297,56,0,406
3298,40,0,406
3299,7,0,406
3300,30,0,406
3301,9,0,406
3302,52,0,406
3303,40,0,406
3304,37,0,406
3305,5,0,406
3306,22,0,407
3307,4,0,407
3308,8,0,407
3309,2,0,407
3310,25,0,407
3311,6,0,407
3312,35,0,407
3313,39,0,407
3314,7,0,408
3315,44,0,408
3316,17,0,408
3317,40,0,408
3318,4,0,408
3319,9,0,408
3320,12,0,409
3321,35,0,409
3322,30,0,409
3323,48,0,409
3324,43,0,409
3325,38,0,409
3326,18,0,410
3327,51,0,410
3328,44,0,410
3329,26,0,410
3330,7,0,410
3331,43,0,410
3332,48,0,410
3333,46,0,410
3334,45,0,410
3335,19,0,410
3336,35,0,410
3337,3,0,410
3338,23,0,410
3339,20,0,410
3340,25,0,410
3341,38,0,411
3342,53,0,411
3343,29,0,411
3344,48,0,411
3345,31,0,411
3346,13,0,411
3347,10,0,411
3348,37,0,411
3349,6,0,411
3350,39,0,411
3351,51,0,412
3352,48,0,412
3353,45,0,412
3354,20,0,412
3355,51,0,412
3356,37,0,413
3357,2,0,413
3358,18,0,413
3359,33,0,413
3360,16,0,413
3361,40,0,413
3362,30,0,413
3363,6,0,413
3364,17,0,413
3365,46,0,413
3366,32,0,413
3367,43,0,413
3368,18,0,413
3369,45,0,413
3370,33,0,414
3371,57,0,414
3372,21,0,414
3373,49,0,414
3374,9,0,414
3375,34,0,414
3376,3,0,414
3377,54,0,414
3378,15,0,414
3379,54,0,414
3380,17,0,414
3381,27,0,414
3382,24,0,414
3383,26,0,415
3384,20,0,415
3385,16,0,415
3386,48,0,415
3387,56,0,415
3388,22,0,416
3389,57,0,416
3390,13,0,416
3391,45,0,416
3392,52,0,416
3393,33,0,417
3394,56,0,417
3395,44,0,417
3396,56,0,417
3397,7,0,418
3398,10,0,419
3399,31,0,419
3400,18,0,419
3401,58,0,419
3402,39,0,419
3403,6,0,419
3404,53,0,419
3405,17,0,419
3406,25,0,419
3407,47,0,419
3408,45,0,419
3409,48,0,419
3410,51,0,419
3411,46,0,419
3412,9,0,420
3413,53,0,420
3414,32,0,420
3415,37,0,420
3416,24,0,420
3417,12,0,420
3418,3,0,420
3419,15,0,420
3420,39,0,420
3421,47,0,420
3422,13,0,420
3423,24,0,420
3424,12,0,420
3425,51,0,420
3426,7,0,420
3427,30,0,421
3428,42,0,421
3429,5,0,421
3430,30,0,422
3431,14,0,422
3432,6,0,422
3433,6,0,423
3434,19,0,423
3435,17,0,423
3436,25,0,423
3437,9,0,423
3438,51,0,423
3439,18,0,423
3440,24,0,423
3441,15,0,423
3442,33,0,423
3443,25,0,423
3444,9,0,423
3445,52,0,423
3446,44,0,423
3447,2,0,423
3448,19,0,424
3449,32,0,424
3450,33,0,424
3451,13,0,424
3452,58,0,424
3453,47,0,424
3454,24,0,424
3455,28,0,424
3456,31,0,424
3457,32,0,424
3458,6,0,425
3459,15,0,425
3460,52,0,426
3461,22,0,426
3462,36,0,426
3463,34,0,426
3464,30,0,426
3465,27,0,426
3466,44,0,426
3467,1,0,426
3468,1,0,427
3469,32,0,427
3470,51,0,428
3471,45,0,428
3472,43,0,428
3473,10,0,428
3474,29,0,428
3475,58,0,428
3476,16,0,429
3477,40,0,429
3478,34,0,429
3479,1,0,430
3480,29,0,430
3481,15,0,430
3482,51,0,430
3483,42,0,430
3484,30,0,430
3485,28,0,430
3486,20,0,430
3487,2,0,430
3488,13,0,430
3489,7,0,430
3490,37,0,430
3491,39,0,430
3492,7,0,431
3493,39,0,431
3494,3,0,431
3495,29,0,431
3496,34,0,431
3497,34,0,431
3498,30,0,431
3499,57,0,431
3500,19,0,431
3501,18,0,431
3502,15,0,431
3503,43,0,431
3504,7,0,431
3505,53,0,431
3506,51,0,432
3507,30,0,432
3508,48,0,432
3509,22,0,432
3510,33,0,432
3511,3,0,432
3512,6,0,433
3513,17,0,433
3514,14,0,433
3515,31,0,433
3516,12,0,433
3517,47,0,433
3518,35,0,433
3519,18,0,433
3520,58,0,433
3521,24,0,433
3522,51,0,433
3523,11,0,433
3524,56,0,433
3525,5,0,433
3526,27,0,433
3527,51,0,434
3528,3,0,434
3529,29,0,434
3530,11,0,434
3531,51,0,434
3532,6,0,434
3533,23,0,434
3534,1,0,434
3535,49,0,434
3536,53,0,434
3537,8,0,434
3538,54,0,434
3539,37,0,434
3540,48,0,435
3541,40,0,435
3542,46,0,435
3543,44,0,436
3544,51,0,436
3545,48,0,436
3546,31,0,436
3547,57,0,436
3548,14,0,436
3549,18,0,436
3550,42,0,436
3551,20,0,437
3552,8,0,437
3553,53,0,438
3554,18,0,438
3555,44,0,438
3556,46,0,438
3557,18,0,438
3558,48,0,439
3559,6,0,439
3560,45,0,439
3561,45,0,439
3562,34,0,439
3563,8,0,439
3564,26,0,439
3565,19,0,439
3566,12,0,439
3567,54,0,439
3568,29,0,439
3569,29,0,439
3570,40,0,439
3571,55,0,440
3572,39,0,440
3573,42,0,440
3574,20,0,440
3575,45,0,440
3576,9,0,440
3577,58,0,440
3578,42,0,441
3579,19,0,441
3580,47,0,441
3581,49,0,441
3582,46,0,441
3583,29,0,441
3584,1,0,441
3585,3,0,441
3586,58,0,442
3587,30,0,442
3588,14,0,442
3589,58,0,442
3590,30,0,442
3591,1,0,442
3592,12,0,442
3593,53,0,442
3594,23,0,442
3595,34,0,442
3596,12,0,442
3597,21,0,442
3598,8,0,442
3599,25,0,442
3600,4,0,442
3601,30,0,443
3602,27,0,443
3603,50,0,443
3604,46,0,443
3605,49,0,443
3606,36,0,443
3607,10,0,443
3608,24,0,443
3609,55,0,443
3610,49,0,443
3611,42,0,444
3612,3,0,444
3613,28,0,444
3614,42,0,444
3615,4,0,444
3616,20,0,444
3617,45,0,444
3618,17,0,444
3619,44,0,444
3620,35,0,444
3621,42,0,444
3622,24,0,444
3623,7,0,444
3624,54,0,444
3625,32,0,445
3626,52,0,445
3627,21,0,445
3628,11,0,446
3629,36,0,446
3630,1,0,446
3631,35,0,446
3632,10,0,446
3633,27,0,446
3634,49,0,446
3635,34,0,446
3636,3,0,446
3637,49,0,447
3638,7,0,447
3639,53,0,447
3640,58,0,447
3641,20,0,447
3642,54,0,447
3643,10,0,447
3644,23,0,448
3645,26,0,448
3646,2,0,448
3647,39,0,448
3648,18,0,448
3649,56,0,449
3650,30,0,449
3651,9,0,449
3652,54,0,449
3653,34,0,449
3654,27,0,449
3655,48,0,449
3656,21,0,449
3657,8,0,449
3658,53,0,449
3659,20,0,449
3660,44,0,449
3661,22,0,449
3662,8,0,449
3663,47,0,450
3664,27,0,450
3665,9,0,450
3666,10,0,450
3667,9,0,450
3668,32,0,450
3669,9,0,450
3670,14,0,450
3671,58,0,450
3672,12,0,450
3673,10,0,450
3674,7,0,450
3675,25,0,450
3676,26,0,450
3677,9,0,450
3678,41,0,451
3679,57,0,451
3680,56,0,451
3681,12,0,451
3682,53,0,451
3683,52,0,451
3684,54,0,451
3685,48,0,451
3686,33,0,451
3687,58,0,452
3688,40,0,452
3689,48,0,452
3690,47,0,452
3691,42,0,452
3692,38,0,452
3693,43,0,452
3694,8,0,452
3695,21,0,452
3696,53,0,452
3697,7,0,452
3698,2,0,452
3699,27,0,452
3700,32,0,452
3701,41,0,452
3702,23,0,453
3703,12,0,453
3704,23,0,453
3705,24,0,453
3706,54,0,453
3707,49,0,453
3708,31,0,453
3709,54,0,453
3710,32,0,453
3711,29,0,453
3712,12,0,453
3713,36,0,453
3714,12,0,453
3715,31,0,454
3716,39,0,454
3717,31,0,454
3718,45,0,454
3719,47,0,454
3720,26,0,454
3721,25,0,454
3722,23,0,454
3723,22,0,455
3724,20,0,455
3725,9,0,455
3726,3,0,455
3727,24,0,455
3728,8,0,455
3729,43,0,455
3730,55,0,455
3731,10,0,455
3732,21,0,455
3733,36,0,455
3734,35,0,455
3735,7,0,455
3736,11,0,455
3737,52,0,455
3738,56,0,456
3739,6,0,456
3740,44,0,456
3741,28,0,456
3742,47,0,456
3743,48,0,456
3744,7,0,456
3745,24,0,456
3746,18,0,456
3747,12,0,456
3748,44,0,456
3749,42,0,456
3750,18,0,456
3751,21,0,456
3752,52,0,457
3753,20,0,458
3754,11,0,458
3755,31,0,458
3756,50,0,458
3757,45,0,458
3758,49,0,458
3759,9,0,458
3760,5,0,458
3761,52,0,458
3762,50,0,458
3763,16,0,458
3764,2,0,458
3765,15,0,458
3766,9,0,458
3767,26,0,458
3768,12,0,459
3769,36,0,459
3770,5,0,459
3771,44,0,459
3772,3,0,459
3773,14,0,459
3774,42,0,459
3775,29,0,459
3776,48,0,459
3777,9,0,460
3778,18,0,460
3779,32,0,460
3780,33,0,460
3781,8,0,460
3782,48,0,460
3783,23,0,460
3784,16,0,460
3785,9,0,460
3786,23,0,460
3787,57,0,460
3788,9,0,461
3789,27,0,461
3790,58,0,461
3791,9,0,461
3792,28,0,461
3793,25,0,462
3794,36,0,462
3795,13,0,462
3796,35,0,462
3797,4,0,462
3798,7,0,462
3799,14,0,463
3800,9,0,463
3801,18,0,463
3802,34,0,463
3803,27,0,463
3804,12,0,463
3805,12,0,463
3806,19,0,463
3807,26,0,463
3808,18,0,464
3809,16,0,464
3810,40,0,465
3811,31,0,465
3812,33,0,465
3813,40,0,465
3814,7,0,465
3815,30,0,465
3816,13,0,465
3817,28,0,466
3818,52,0,466
3819,32,0,466
3820,8,0,466
3821,38,0,466
3822,15,0,466
3823,43,0,466
3824,29,0,466
3825,19,0,466
3826,30,0,466
3827,28,0,467
3828,4,0,467
3829,5,0,467
3830,40,0,468
3831,17,0,468
3832,15,0,468
3833,32,0,468
3834,52,0,468
3835,55,0,468
3836,38,0,468
3837,29,0,468
3838,46,0,468
3839,52,0,469
3840,24,0,469
3841,53,0,469
3842,49,0,469
3843,11,0,469
3844,56,0,469
3845,50,0,469
3846,11,0,469
3847,25,0,469
3848,49,0,469
3849,17,0,469
3850,44,0,469
3851,22,0,469
3852,4,0,470
3853,52,0,470
3854,21,0,470
3855,29,0,470
3856,39,0,470
3857,6,0,470
3858,3,0,470
3859,44,0,470
3860,7,0,470
3861,45,0,471
3862,58,0,471
3863,56,0,471
3864,55,0,471
3865,15,0,471
3866,47,0,471
3867,33,0,471
3868,42,0,471
3869,4,0,471
3870,18,0,471
3871,31,0,471
3872,23,0,471
3873,34,0,472
3874,3,0,472
3875,32,0,472
3876,14,0,472
3877,44,0,472
3878,20,0,472
3879,34,0,472
3880,51,0,472
3881,1,0,472
3882,24,0,472
3883,27,0,472
3884,39,0,472
3885,38,0,472
3886,38,0,472
3887,10,0,473
3888,38,0,473
3889,13,0,473
3890,17,0,473
3891,55,0,473
3892,29,0,473
3893,7,0,473
3894,8,0,473
3895,51,0,474
3896,4,0,474
3897,51,0,474
3898,5,0,474
3899,1,0,474
3900,52,0,474
3901,29,0,474
3902,32,0,474
3903,40,0,474
3904,33,0,474
3905,31,0,474
3906,41,0,475
3907,18,0,475
3908,19,0,475
3909,13,0,475
3910,15,0,475
3911,6,0,476
3912,32,0,476
3913,24,0,476
3914,10,0,476
3915,42,0,476
3916,18,0,476
3917,17,0,476
3918,32,0,476
3919,3,0,476
3920,51,0,476
3921,48,0,476
3922,4,0,476
3923,35,0,476
3924,43,0,476
3925,55,0,477
3926,9,0,477
3927,1,0,477
3928,57,0,477
3929,12,0,477
3930,30,0,477
3931,44,0,477
3932,55,0,477
3933,18,0,477
3934,11,0,477
3935,31,0,477
3936,33,0,477
3937,47,0,477
3938,18,0,478
3939,1,0,478
3940,38,0,478
3941,50,0,478
3942,42,0,478
3943,25,0,478
3944,38,0,479
3945,44,0,479
3946,43,0,479
3947,50,0,479
3948,54,0,479
3949,40,0,479
3950,38,0,479
3951,18,0,479
3952,40,0,479
3953,19,0,479
3954,39,0,480
3955,16,0,480
3956,36,0,480
3957,56,0,480
3958,49,0,480
3959,26,0,480
3960,54,0,480
3961,24,0,480
3962,8,0,480
3963,57,0,480
3964,12,0,480
3965,46,0,480
3966,39,0,480
3967,15,0,480
3968,12,0,481
3969,29,0,481
3970,6,0,481
3971,8,0,481
3972,41,0,481
3973,22,0,481
3974,12,0,481
3975,53,0,481
3976,13,0,481
3977,18,0,481
3978,40,0,481
3979,9,0,481
3980,53,0,481
3981,11,0,482
3982,56,0,482
3983,3,0,482
3984,23,0,482
3985,8,0,482
3986,50,0,482
3987,29,0,482
3988,54,0,482
3989,40,0,482
3990,1,0,482
3991,20,0,482
3992,14,0,482
3993,21,0,483
3994,56,0,483
3995,37,0,483
3996,21,0,483
3997,10,0,483
3998,41,0,483
3999,14,0,483
4000,18,0,483
4001,35,0,484
4002,46,0,484
4003,15,0,484
4004,2,0,484
4005,45,0,484
4006,5,0,484
4007,7,0,484
4008,31,0,484
4009,38,0,484
4010,21,0,484
4011,27,0,484
4012,11,0,484
4013,36,0,484
4014,41,0,484
4015,49,0,484
4016,15,0,485
4017,14,0,485
4018,5,0,485
4019,27,0,485
4020,38,0,485
4021,57,0,485
4022,3,0,485
4023,52,0,486
4024,50,0,486
4025,7,0,486
4026,6,0,486
4027,47,0,486
4028,14,0,486
4029,55,0,486
4030,37,0,487
4031,39,0,487
4032,32,0,487
4033,52,0,488
4034,39,0,488
4035,55,0,488
4036,50,0,488
4037,45,0,488
4038,24,0,488
4039,33,0,488
4040,52,0,488
4041,26,0,488
4042,51,0,489
4043,22,0,489
4044,39,0,489
4045,7,0,489
4046,30,0,489
4047,30,0,489
4048,35,0,489
4049,14,0,489
4050,57,0,489
4051,42,0,489
4052,57,0,489
4053,5,0,489
4054,8,0,489
4055,57,0,489
4056,15,0,490
4057,49,0,490
4058,38,0,490
4059,41,0,490
4060,57,0,490
4061,42,0,491
4062,24,0,491
4063,54,0,491
4064,38,0,491
4065,47,0,491
4066,15,0,491
4067,37,0,491
4068,41,0,491
4069,51,0,491
4070,46,0,491
4071,4,0,491
4072,38,0,491
4073,58,0,492
4074,58,0,492
4075,36,0,492
4076,6,0,492
4077,47,0,492
4078,52,0,492
4079,13,0,492
4080,46,0,492
4081,8,0,492
4082,16,0,492
4083,53,0,493
4084,32,0,493
4085,10,0,493
4086,38,0,493
4087,2,0,493
4088,6,0,493
4089,16,0,493
4090,21,0,493
4091,57,0,494
4092,31,0,494
4093,29,0,495
4094,51,0,495
4095,19,0,495
4096,48,0,495
4097,40,0,495
4098,26,0,495
4099,33,0,495
4100,13,0,496
4101,33,0,496
4102,56,0,496
4103,28,0,496
4104,18,0,496
4105,23,0,496
4106,22,0,497
4107,46,0,497
4108,55,0,497
4109,14,0,497
4110,49,0,497
4111,48,0,497
4112,26,0,497
4113,28,0,497
4114,2,0,497
4115,37,0,498
4116,15,0,498
4117,6,0,498
4118,50,0,498
4119,15,0,498
4120,13,0,498
4121,22,0,498
4122,41,0,498
4123,40,0,499
4124,35,0,499
4125,14,0,499
4126,14,0,499
4127,49,0,499
4128,36,0,499
4129,44,0,499
4130,19,0,500
4131,34,0,500
4132,48,0,500
4133,17,0,500
4134,50,0,500
4135,1,0,500
4136,55,0,500
4137,40,0,500
4138,39,0,500
4139,42,0,500
4140,53,0,500
4141,4,0,500
4142,5,0,500
4143,50,0,500
4144,5,0,501
4145,49,0,501
4146,51,0,501
4147,7,0,501
4148,19,0,501
4149,49,0,501
4150,18,0,501
4151,58,0,501
4152,51,0,501
4153,56,0,502
4154,41,0,502
4155,56,0,502
4156,38,0,502
4157,56,0,502
4158,17,0,502
4159,38,0,502
4160,47,0,502
4161,45,0,502
4162,37,0,503
4163,11,0,503
4164,27,0,503
4165,29,0,503
4166,19,0,503
4167,3,0,503
4168,20,0,503
4169,9,0,503
4170,40,0,503
4171,9,0,503
4172,40,0,503
4173,43,0,503
4174,57,0,503
4175,39,0,503
4176,45,0,504
4177,56,0,504
4178,23,0,504
4179,37,0,504
4180,18,0,504
4181,28,0,504
4182,4,0,504
4183,40,0,504
4184,52,0,504
4185,39,0,504
4186,53,0,505
4187,30,0,505
4188,24,0,505
4189,24,0,506
4190,57,0,506
4191,58,0,506
4192,54,0,506
4193,28,0,506
4194,41,0,506
4195,50,0,506
4196,22,0,506
4197,33,0,506
4198,58,0,506
4199,35,0,506
4200,57,0,506
4201,14,0,506
4202,57,0,506
4203,50,0,507
4204,37,0,507
4205,37,0,507
4206,42,0,507
4207,17,0,507
4208,37,0,507
4209,30,0,507
4210,24,0,507
4211,11,0,507
4212,51,0,507
4213,10,0,508
4214,27,0,508
4215,15,0,508
4216,58,0,508
4217,44,0,509
4218,5,0,509
4219,22,0,509
4220,44,0,509
4221,1,0,509
4222,12,0,509
4223,45,0,509
4224,56,0,509
4225,41,0,509
4226,27,0,509
4227,8,0,509
4228,29,0,509
4229,48,0,509
4230,34,0,509
4231,32,0,509
4232,35,0,510
4233,21,0,510
4234,34,0,510
4235,55,0,510
4236,32,0,510
4237,35,0,510
4238,48,0,510
4239,34,0,510
4240,31,0,510
4241,34,0,510
4242,24,0,510
4243,9,0,510
4244,56,0,510
4245,46,0,511
4246,17,0,511
4247,47,0,511
4248,28,0,511
4249,55,0,511
4250,32,0,511
4251,6,0,512
4252,39,0,512
4253,11,0,512
4254,23,0,512
4255,37,0,512
4256,28,0,512
4257,49,0,512
4258,31,0,512
4259,16,0,512
4260,35,0,512
4261,12,0,513
4262,8,0,513
4263,44,0,513
4264,40,0,513
4265,55,0,513
4266,57,0,513
4267,40,0,513
4268,23,0,514
4269,10,0,514
4270,31,0,514
4271,3,0,514
4272,39,0,514
4273,7,0,514
4274,24,0,514
4275,46,0,514
4276,48,0,514
4277,33,0,514
4278,12,0,514
4279,20,0,514
4280,8,0,514
4281,52,0,514
4282,56,0,515
4283,20,0,515
4284,34,0,515
4285,13,0,515
4286,50,0,515
4287,19,0,515
4288,47,0,515
4289,13,0,515
4290,8,0,515
4291,44,0,515
4292,9,0,516
4293,48,0,516
4294,1,0,516
4295,28,0,516
4296,23,0,516
4297,27,0,516
4298,43,0,516
4299,39,0,516
4300,40,0,516
4301,5,0,516
4302,17,0,516
4303,8,0,516
4304,18,0,517
4305,46,0,517
4306,16,0,517
4307,26,0,517
4308,18,0,517
4309,47,0,517
4310,49,0,518
4311,54,0,518
4312,49,0,518
4313,16,0,519
4314,16,0,519
4315,49,0,519
4316,49,0,519
4317,23,0,519
4318,24,0,519
4319,54,0,519
4320,8,0,519
4321,22,0,520
4322,15,0,520
4323,23,0,520
4324,36,0,520
4325,43,0,520
4326,24,0,520
4327,58,0,520
4328,8,0,520
4329,44,0,520
4330,49,0,520
4331,12,0,521
4332,24,0,521
4333,48,0,521
4334,42,0,521
4335,37,0,521
4336,38,0,521
4337,56,0,522
4338,6,0,522
4339,35,0,522
4340,48,0,522
4341,45,0,522
4342,51,0,522
4343,12,0,522
4344,15,0,522
4345,22,0,522
4346,34,0,522
4347,30,0,522
4348,53,0,522
4349,36,0,522
4350,49,0,522
4351,39,0,523
4352,37,0,523
4353,30,0,523
4354,17,0,523
4355,40,0,523
4356,16,0,523
4357,7,0,523
4358,26,0,523
4359,12,0,523
4360,31,0,523
4361,50,0,524
4362,50,0,524
4363,5,0,524
4364,41,0,524
4365,42,0,524
4366,43,0,525
4367,6,0,525
4368,17,0,525
4369,26,0,525
4370,42,0,525
4371,49,0,525
4372,27,0,525
4373,24,0,525
4374,46,0,525
4375,27,0,525
4376,35,0,525
4377,44,0,525
4378,19,0,525
4379,54,0,525
4380,37,0,525
4381,19,0,526
4382,40,0,527
4383,29,0,527
4384,29,0,527
4385,37,0,527
4386,1,0,527
4387,47,0,527
4388,14,0,527
4389,42,0,527
4390,40,0,527
4391,55,0,527
4392,41,0,527
4393,44,0,527
4394,17,0,527
4395,31,0,527
4396,35,0,527
4397,24,0,528
4398,47,0,528
4399,44,0,528
4400,41,0,528
4401,3,0,528
4402,33,0,528
4403,16,0,528
4404,29,0,529
4405,46,0,529
4406,57,0,529
4407,28,0,529
4408,50,0,529
4409,49,0,529
4410,38,0,529
4411,14,0,529
4412,6,0,529
4413,51,0,530
4414,49,0,530
4415,17,0,530
4416,47,0,530
4417,30,0,530
4418,38,0,530
4419,58,0,530
4420,6,0,530
4421,12,0,531
4422,48,0,531
4423,49,0,531
4424,21,0,531
4425,38,0,531
4426,11,0,531
4427,20,0,531
4428,40,0,531
4429,2,0,531
4430,55,0,531
4431,33,0,531
4432,1,0,531
4433,40,0,531
4434,7,0,532
4435,57,0,532
4436,58,0,532
4437,52,0,532
4438,43,0,532
4439,55,0,532
4440,50,0,532
4441,52,0,532
4442,56,0,532
4443,2,0,532
4444,32,0,532
4445,36,0,532
4446,4,0,532
4447,8,0,532
4448,16,0,532
4449,27,0,533
4450,8,0,533
4451,43,0,533
4452,44,0,533
4453,43,0,533
4454,45,0,533
4455,29,0,533
4456,28,0,533
4457,8,0,533
4458,10,0,533
4459,11,0,533
4460,22,0,534
4461,52,0,534
4462,9,0,534
4463,2,0,534
4464,40,0,534
4465,36,0,534
4466,27,0,534
4467,5,0,534
4468,24,0,534
4469,20,0,534
4470,2,0,534
4471,12,0,534
4472,41,0,534
4473,55,0,534
4474,39,0,534
4475,7,0,535
4476,20,0,535
4477,2,0,535
4478,18,0,535
4479,23,0,536
4480,44,0,536
4481,28,0,536
4482,24,0,536
4483,7,0,536
4484,7,0,536
4485,1,0,536
4486,9,0,536
4487,45,0,536
4488,26,0,537
4489,58,0,537
4490,39,0,537
4491,36,0,537
4492,58,0,537
4493,20,0,537
4494,13,0,537
4495,24,0,538
4496,26,0,538
4497,54,0,538
4498,45,0,538
4499,13,0,538
4500,36,0,538
4501,10,0,538
4502,25,0,538
4503,50,0,538
4504,33,0,538
4505,7,0,538
4506,31,0,539
4507,30,0,539
4508,38,0,540
4509,38,0,540
4510,36,0,540
4511,36,0,540
4512,2,0,540
4513,4,0,540
4514,52,0,540
4515,42,0,540
4516,28,0,540
4517,50,0,540
4518,3,0,540
4519,15,0,540
4520,23,0,540
4521,49,0,541
4522,33,0,542
4523,35,0,542
4524,3,0,542
4525,53,0,542
4526,6,0,542
4527,31,0,542
4528,53,0,542
4529,39,0,543
4530,41,0,543
4531,18,0,543
4532,9,0,543
4533,45,0,543
4534,53,0,543
4535,30,0,544
4536,44,0,544
4537,14,0,544
4538,8,0,544
4539,19,0,544
4540,36,0,544
4541,36,0,544
4542,26,0,545
4543,56,0,545
4544,3,0,545
4545,9,0,545
4546,44,0,545
4547,27,0,545
4548,55,0,545
4549,6,0,545
4550,38,0,545
4551,20,0,545
4552,51,0,545
4553,13,0,545
4554,16,0,545
4555,38,0,545
4556,38,0,545
4557,35,0,546
4558,12,0,546
4559,15,0,546
4560,54,0,546
4561,14,0,547
4562,52,0,547
4563,45,0,547
4564,4,0,547
4565,58,0,547
4566,19,0,547
4567,45,0,547
4568,2,0,547
4569,21,0,547
4570,43,0,547
4571,4,0,548
4572,42,0,548
4573,31,0,548
4574,38,0,548
4575,12,0,548
4576,25,0,548
4577,10,0,548
4578,38,0,548
4579,47,0,548
4580,45,0,548
4581,17,0,548
4582,13,0,548
4583,48,0,548
4584,26,0,548
4585,19,0,548
4586,48,0,549
4587,57,0,549
4588,13,0,549
4589,23,0,549
4590,30,0,549
4591,46,0,550
4592,23,0,551
4593,9,0,551
4594,27,0,551
4595,6,0,551
4596,8,0,552
4597,9,0,552
4598,5,0,552
4599,16,0,552
4600,43,0,552
4601,36,0,552
4602,15,0,552
4603,45,0,553
4604,6,0,553
4605,42,0,554
4606,3,0,554
4607,50,0,554
4608,47,0,554
4609,11,0,554
4610,7,0,554
4611,48,0,554
4612,31,0,554
4613,30,0,555
4614,16,0,555
4615,33,0,556
4616,3,0,556
4617,15,0,556
4618,45,0,556
4619,19,0,556
4620,35,0,556
4621,22,0,556
4622,31,0,556
4623,39,0,556
4624,36,0,556
4625,31,0,556
4626,46,0,556
4627,4,0,556
4628,38,0,556
4629,32,0,557
4630,44,0,557
4631,47,0,557
4632,7,0,557
4633,46,0,557
4634,25,0,557
4635,22,0,557
4636,1,0,557
4637,45,0,557
4638,50,0,557
4639,26,0,557
4640,47,0,557
4641,29,0,558
4642,45,0,558
4643,32,0,558
4644,1,0,558
4645,42,0,558
4646,48,0,558
4647,35,0,559
4648,33,0,559
4649,46,0,559
4650,16,0,559
4651,41,0,559
4652,35,0,559
4653,43,0,559
4654,54,0,559
4655,22,0,560
4656,54,0,561
4657,51,0,561
4658,24,0,561
4659,57,0,561
4660,41,0,561
4661,41,0,561
4662,57,0,561
4663,22,0,561
4664,43,0,561
4665,27,0,561
4666,30,0,561
4667,8,0,561
4668,22,0,561
4669,50,0,561
4670,57,0,562
4671,39,0,562
4672,57,0,562
4673,11,0,562
4674,25,0,562
4675,47,0,562
4676,57,0,562
4677,54,0,562
4678,9,0,562
4679,42,0,562
4680,45,0,562
4681,23,0,563
4682,56,0,563
4683,38,0,563
4684,55,0,563
4685,12,0,563
4686,17,0,563
4687,31,0,563
4688,21,0,563
4689,21,0,563
4690,36,0,563
4691,34,0,563
4692,3,0,564
4693,26,0,564
4694,25,0,564
4695,26,0,564
4696,25,0,564
4697,36,0,564
4698,20,0,564
4699,8,0,564
4700,55,0,564
4701,45,0,564
4702,52,0,564
4703,46,0,564
4704,40,0,564
4705,46,0,564
4706,48,0,564
4707,42,0,565
4708,53,0,565
4709,3,0,565
4710,5,0,565
4711,44,0,565
4712,35,0,565
4713,20,0,565
4714,14,0,565
4715,24,0,566
4716,54,0,566
4717,49,0,566
4718,25,0,566
4719,26,0,566
4720,21,0,566
4721,12,0,566
4722,3,0,566
4723,54,0,566
4724,21,0,566
4725,10,0,566
4726,55,0,566
4727,42,0,567
4728,38,0,567
4729,34,0,567
4730,53,0,567
4731,58,0,567
4732,18,0,567
4733,37,0,568
4734,35,0,568
4735,8,0,568
4736,42,0,568
4737,44,0,568
4738,3,0,568
4739,58,0,568
4740,44,0,568
4741,41,0,568
4742,8,0,568
4743,17,0,568
4744,24,0,568
4745,24,0,568
4746,22,0,569
4747,55,0,569
4748,17,0,569
4749,4,0,569
4750,35,0,569
4751,15,0,569
4752,49,0,569
4753,44,0,569
4754,14,0,569
4755,34,0,569
4756,57,0,569
4757,18,0,569
4758,15,0,569
4759,35,0,569
4760,10,0,570
4761,30,0,570
4762,27,0,570
4763,37,0,570
4764,19,0,570
4765,39,0,570
4766,26,0,570
4767,32,0,570
4768,31,0,570
4769,4,0,570
4770,29,0,570
4771,10,0,571
4772,57,0,571
4773,11,0,571
4774,52,0,571
4775,25,0,571
4776,39,0,571
4777,16,0,571
4778,8,0,571
4779,6,0,571
4780,53,0,571
4781,44,0,571
4782,30,0,571
4783,51,0,571
4784,57,0,571
4785,27,0,571
4786,36,0,572
4787,54,0,572
4788,35,0,572
4789,15,0,572
4790,40,0,572
4791,18,0,572
4792,36,0,572
4793,10,0,573
4794,25,0,573
4795,9,0,573
4796,36,0,573
4797,34,0,573
4798,25,0,573
4799,10,0,574
4800,6,0,574
4801,48,0,574
4802,35,0,574
4803,24,0,574
4804,34,0,574
4805,26,0,574
4806,6,0,574
4807,36,0,574
4808,18,0,574
4809,5,0,575
4810,27,0,575
4811,27,0,575
4812,17,0,575
4813,12,0,575
4814,55,0,575
4815,42,0,575
4816,39,0,575
4817,28,0,575
4818,10,0,575
4819,9,0,575
4820,14,0,576
4821,3,0,576
4822,51,0,576
4823,41,0,576
4824,41,0,576
4825,36,0,576
4826,51,0,576
4827,52,0,576
4828,19,0,576
4829,4,0,576
4830,45,0,576
4831,14,0,576
4832,58,0,576
4833,54,0,577
4834,49,0,577
4835,44,0,577
4836,39,0,577
4837,44,0,577
4838,29,0,578
4839,7,0,578
4840,2,0,578
4841,24,0,578
4842,10,0,578
4843,6,0,578
4844,29,0,578
4845,16,0,578
4846,39,0,578
4847,34,0,578
4848,42,0,578
4849,53,0,578
4850,53,0,579
4851,23,0,579
4852,6,0,579
4853,31,0,580
4854,28,0,580
4855,50,0,580
4856,3,0,580
4857,11,0,580
4858,51,0,580
4859,29,0,580
4860,19,0,581
4861,39,0,581
4862,34,0,581
4863,35,0,581
4864,11,0,581
4865,13,0,581
4866,3,0,581
4867,47,0,581
4868,55,0,581
4869,2,0,581
4870,32,0,581
4871,26,0,581
4872,57,0,581
4873,55,0,581
4874,3,0,581
4875,28,0,582
4876,21,0,582
4877,18,0,582
4878,1,0,582
4879,23,0,582
4880,34,0,582
4881,28,0,582
4882,45,0,582
4883,18,0,582
4884,45,0,582
4885,49,0,582
4886,41,0,582
4887,51,0,582
4888,38,0,582
4889,30,0,582
4890,38,0,583
4891,25,0,583
4892,13,0,583
4893,21,0,583
4894,33,0,583
4895,12,0,583
4896,50,0,584
4897,24,0,585
4898,5,0,585
4899,40,0,585
4900,39,0,585
4901,42,0,585
4902,48,0,585
4903,14,0,585
4904,49,0,585
4905,24,0,585
4906,22,0,586
4907,35,0,586
4908,35,0,586
4909,31,0,586
4910,20,0,586
4911,55,0,586
4912,48,0,586
4913,14,0,587
4914,3,0,587
4915,1,0,587
4916,21,0,587
4917,41,0,587
4918,54,0,587
4919,52,0,588
4920,52,0,588
4921,39,0,588
4922,17,0,588
4923,58,0,588
4924,38,0,588
4925,57,0,588
4926,57,0,588
4927,9,0,588
4928,5,0,588
4929,15,0,588
4930,7,0,588
4931,50,0,588
4932,23,0,589
4933,37,0,589
4934,23,0,589
4935,38,0,589
4936,34,0,589
4937,11,0,589
4938,32,0,589
4939,34,0,589
4940,19,0,589
4941,55,0,589
4942,36,0,589
4943,6,0,589
4944,18,0,589
4945,18,0,589
4946,47,0,589
4947,40,0,590
4948,45,0,590
4949,1,0,590
4950,32,0,591
4951,18,0,591
4952,46,0,591
4953,12,0,591
4954,34,0,591
4955,39,0,591
4956,39,0,591
4957,38,0,591
4958,34,0,591
4959,22,0,591
4960,28,0,591
4961,11,0,591
4962,8,0,591
4963,57,0,591
4964,21,0,592
4965,27,0,592
4966,31,0,592
4967,37,0,592
4968,36,0,593
4969,33,0,593
4970,52,0,593
4971,33,0,593
4972,46,0,593
4973,48,0,594
4974,9,0,594
4975,33,0,594
4976,21,0,594
4977,44,0,594
4978,15,0,594
4979,34,0,594
4980,19,0,594
4981,52,0,594
4982,53,0,594
4983,14,0,594
4984,43,0,594
4985,7,0,594
4986,47,0,594
4987,30,0,594
4988,35,0,595
4989,9,0,595
4990,51,0,595
4991,53,0,595
4992,15,0,595
4993,58,0,595
4994,18,0,595
4995,11,0,596
4996,13,0,596
4997,13,0,596
4998,4,0,597
4999,3,0,597
5000,20,0,597
5001,9,0,597
5002,57,0,597
5003,48,0,597
5004,27,0,597
5005,18,0,597
5006,31,0,597
5007,10,0,597
5008,3,0,597
5009,21,0,597
5010,10,0,597
5011,18,0,598
5012,19,0,598
5013,37,0,598
5014,9,0,598
5015,2,0,598
5016,49,0,598
5017,9,0,599
5018,37,0,599
5019,43,0,599
5020,46,0,599
5021,16,0,600
5022,20,0,600
5023,52,0,600
5024,14,0,600
5025,55,0,600
5026,58,0,600
5027,35,0,600
5028,54,0,600
5029,38,0,600
5030,31,0,600
5031,38,0,600
5032,28,0,600
5033,54,0,601
5034,57,0,602
5035,19,0,602
5036,15,0,602
5037,13,0,602
5038,7,0,602
5039,47,0,602
5040,38,0,602
5041,6,0,602
5042,38,0,602
5043,41,0,602
5044,23,0,603
5045,40,0,603
5046,24,0,603
5047,39,0,603
5048,1,0,603
5049,57,0,603
5050,49,0,604
5051,3,0,604
5052,16,0,604
5053,56,0,604
5054,15,0,604
5055,11,0,604
5056,6,0,604
5057,3,0,604
5058,11,0,604
5059,14,0,604
5060,46,0,604
5061,16,0,604
5062,5,0,605
5063,48,0,605
5064,41,0,605
5065,26,0,605
5066,53,0,605
5067,9,0,605
5068,3,0,605
5069,19,0,606
5070,20,0,606
5071,8,0,606
5072,35,0,606
5073,47,0,606
5074,44,0,606
5075,31,0,607
5076,24,0,607
5077,42,0,608
5078,38,0,608
5079,36,0,608
5080,19,0,608
5081,36,0,608
5082,34,0,608
5083,43,0,608
5084,14,0,608
5085,45,0,608
5086,46,0,608
5087,20,0,609
5088,47,0,609
5089,32,0,610
5090,15,0,610
5091,8,0,611
5092,26,0,611
5093,16,0,611
5094,35,0,611
5095,7,0,611
5096,43,0,611
5097,53,0,611
5098,18,0,611
5099,23,0,611
5100,13,0,611
5101,21,0,611
5102,18,0,611
5103,13,0,611
5104,26,0,611
5105,22,0,612
5106,22,0,612
5107,10,0,613
5108,53,0,614
5109,31,0,614
5110,44,0,615
5111,49,0,615
5112,11,0,615
5113,29,0,615
5114,6,0,615
5115,36,0,615
5116,14,0,615
5117,43,0,616
5118,46,0,616
5119,5,0,616
5120,21,0,616
5121,46,0,616
5122,16,0,616
5123,57,0,616
5124,30,0,616
5125,47,0,616
5126,33,0,616
5127,8,0,616
5128,1,0,616
5129,42,0,616
5130,42,0,616
5131,2,0,616
5132,18,0,617
5133,43,0,617
5134,20,0,617
5135,34,0,617
5136,23,0,617
5137,30,0,618
5138,17,0,618
5139,46,0,618
5140,17,0,619
5141,54,0,619
5142,44,0,619
5143,1,0,619
5144,32,0,619
5145,8,0,619
5146,46,0,619
5147,42,0,619
5148,30,0,619
5149,13,0,619
5150,25,0,619
5151,31,0,619
5152,43,0,619
5153,6,0,620
5154,14,0,620
5155,18,0,620
5156,13,0,620
5157,31,0,620
5158,36,0,620
5159,3,0,620
5160,3,0,620
5161,31,0,620
5162,25,0,620
5163,21,0,620
5164,37,0,620
5165,22,0,621
5166,13,0,621
5167,22,0,621
5168,45,0,621
5169,48,0,621
5170,7,0,622
5171,18,0,622
5172,10,0,622
5173,9,0,623
5174,28,0,623
5175,53,0,623
5176,10,0,623
5177,6,0,623
5178,10,0,623
5179,31,0,623
5180,14,0,623
5181,52,0,623
5182,33,0,624
5183,53,0,624
5184,10,0,624
5185,16,0,624
5186,34,0,624
5187,28,0,624
5188,18,0,624
5189,5,0,624
5190,19,0,625
5191,23,0,625
5192,22,0,625
5193,54,0,625
5194,22,0,625
5195,3,0,625
5196,29,0,625
5197,40,0,625
5198,37,0,625
5199,56,0,625
5200,43,0,625
5201,10,0,625
5202,1,0,626
5203,22,0,626
5204,16,0,626
5205,39,0,626
5206,6,0,626
5207,53,0,626
5208,42,0,626
5209,36,0,627
5210,48,0,627
5211,18,0,627
5212,40,0,627
5213,8,0,627
5214,45,0,627
5215,21,0,627
5216,45,0,627
5217,42,0,627
5218,46,0,627
5219,19,0,627
5220,52,0,627
5221,11,0,627
5222,18,0,627
5223,51,0,627
5224,31,0,628
5225,16,0,628
5226,58,0,628
5227,3,0,628
5228,33,0,628
5229,31,0,628
5230,38,0,628
5231,25,0,628
5232,39,0,628
5233,48,0,628
5234,31,0,628
5235,14,0,628
5236,54,0,628
5237,36,0,629
5238,2,0,629
5239,38,0,629
5240,48,0,629
5241,52,0,629
5242,9,0,630
5243,40,0,630
5244,15,0,630
5245,52,0,630
5246,53,0,630
5247,9,0,630
5248,38,0,630
5249,14,0,630
5250,22,0,630
5251,10,0,630
5252,35,0,630
5253,43,0,630
5254,15,0,630
5255,31,0,630
5256,49,0,630
5257,39,0,631
5258,1,0,632
5259,7,0,632
5260,6,0,632
5261,9,0,632
5262,3,0,632
5263,43,0,632
5264,3,0,632
5265,11,0,632
5266,41,0,633
5267,30,0,633
5268,30,0,633
5269,25,0,633
5270,58,0,633
5271,44,0,633
5272,37,0,633
5273,7,0,633
5274,26,0,633
5275,53,0,633
5276,13,0,633
5277,4,0,633
5278,52,0,634
5279,1,0,634
5280,1,0,634
5281,22,0,634
5282,51,0,634
5283,52,0,634
5284,40,0,634
5285,55,0,634
5286,58,0,634
5287,8,0,634
5288,31,0,634
5289,43,0,635
5290,50,0,635
5291,45,0,636
5292,54,0,636
5293,11,0,636
5294,38,0,636
5295,6,0,636
5296,45,0,636
5297,2,0,636
5298,30,0,637
5299,4,0,637
5300,11,0,637
5301,58,0,637
5302,30,0,637
5303,33,0,637
5304,31,0,637
5305,38,0,638
5306,21,0,638
5307,2,0,638
5308,27,0,638
5309,27,0,638
5310,40,0,638
5311,28,0,638
5312,18,0,638
5313,19,0,639
5314,29,0,639
5315,34,0,639
5316,25,0,639
5317,48,0,639
5318,32,0,639
5319,38,0,639
5320,9,0,639
5321,14,0,639
5322,3,0,640
5323,54,0,640
5324,20,0,640
5325,2,0,640
5326,46,0,640
5327,7,0,641
5328,14,0,641
5329,41,0,641
5330,3,0,641
5331,18,0,641
5332,50,0,641
5333,52,0,641
5334,52,0,641
5335,2,0,641
5336,42,0,641
5337,45,0,641
5338,16,0,641
5339,13,0,641
5340,8,0,641
5341,24,0,642
5342,5,0,642
5343,7,0,642
5344,16,0,643
5345,7,0,643
5346,58,0,643
5347,46,0,644
5348,53,0,644
5349,49,0,644
5350,45,0,644
5351,39,0,644
5352,10,0,644
5353,1,0,644
5354,32,0,644
5355,8,0,644
5356,9,0,644
5357,21,0,644
5358,10,0,645
5359,3,0,646
5360,5,0,646
5361,42,0,646
5362,26,0,646
5363,43,0,646
5364,58,0,646
5365,24,0,646
5366,4,0,646
5367,58,0,646
5368,32,0,646
5369,28,0,646
5370,58,0,646
5371,18,0,646
5372,41,0,646
5373,52,0,647
5374,40,0,647
5375,50,0,647
5376,36,0,647
5377,21,0,647
5378,40,0,648
5379,4,0,648
5380,2,0,648
5381,54,0,648
5382,54,0,648
5383,26,0,648
5384,44,0,648
5385,26,0,648
5386,36,0,648
5387,32,0,648
5388,6,0,648
5389,9,0,648
5390,30,0,649
5391,43,0,649
5392,23,0,650
5393,54,0,650
5394,10,0,650
5395,37,0,650
5396,53,0,650
5397,8,0,650
5398,13,0,651
5399,15,0,651
5400,28,0,651
5401,19,0,651
5402,4,0,651
5403,51,0,651
5404,32,0,652
5405,3,0,652
5406,33,0,652
5407,27,0,652
5408,6,0,652
5409,48,0,652
5410,53,0,652
5411,12,0,652
5412,24,0,652
5413,24,0,652
5414,8,0,652
5415,27,0,652
5416,51,0,652
5417,6,0,652
5418,47,0,653
5419,50,0,653
5420,24,0,653
5421,17,0,653
5422,57,0,653
5423,56,0,653
5424,26,0,653
5425,1,0,653
5426,48,0,654
5427,50,0,654
5428,35,0,654
5429,4,0,654
5430,56,0,654
5431,8,0,654
5432,46,0,654
5433,57,0,655
5434,50,0,655
5435,56,0,655
5436,6,0,655
5437,4,0,655
5438,45,0,655
5439,35,0,655
5440,52,0,655
5441,6,0,655
5442,52,0,655
5443,46,0,655
5444,31,0,655
5445,32,0,655
5446,21,0,656
5447,37,0,656
5448,6,0,656
5449,13,0,656
5450,43,0,656
5451,13,0,656
5452,24,0,656
5453,13,0,656
5454,6,0,656
5455,28,0,656
5456,56,0,657
5457,14,0,657
5458,24,0,657
5459,27,0,657
5460,31,0,657
5461,1,0,657
5462,14,0,657
5463,21,0,657
5464,51,0,658
5465,36,0,658
5466,10,0,658
5467,18,0,658
5468,49,0,658
5469,11,0,658
5470,17,0,658
5471,51,0,658
5472,49,0,658
5473,32,0,658
5474,23,0,659
5475,7,0,659
5476,45,0,659
5477,3,0,659
5478,18,0,659
5479,11,0,659
5480,9,0,659
5481,5,0,659
5482,9,0,659
5483,6,0,659
5484,34,0,659
5485,26,0,659
5486,16,0,660
5487,16,0,660
5488,2,0,660
5489,30,0,660
5490,30,0,660
5491,46,0,660
5492,56,0,660
5493,14,0,660
5494,49,0,660
5495,55,0,660
5496,24,0,660
5497,9,0,660
5498,30,0,661
5499,25,0,661
5500,41,0,661
5501,24,0,661
5502,44,0,661
5503,31,0,661
5504,15,0,661
5505,46,0,661
5506,23,0,661
5507,49,0,661
5508,5,0,661
5509,37,0,661
5510,37,0,662
5511,51,0,662
5512,43,0,662
5513,45,0,662
5514,43,0,662
5515,51,0,662
5516,21,0,662
5517,26,0,662
5518,45,0,662
5519,22,0,662
5520,27,0,662
5521,39,0,662
5522,46,0,663
5523,46,0,663
5524,13,0,663
5525,45,0,664
5526,6,0,664
5527,28,0,664
5528,3,0,664
5529,46,0,664
5530,27,0,664
5531,29,0,664
5532,43,0,664
5533,1,0,664
5534,7,0,664
5535,24,0,664
5536,50,0,665
5537,10,0,666
5538,42,0,666
5539,8,0,666
5540,45,0,666
5541,11,0,666
5542,29,0,666
5543,30,0,666
5544,58,0,666
5545,42,0,666
5546,34,0,666
5547,40,0,666
5548,40,0,666
5549,47,0,666
5550,44,0,666
5551,41,0,667
5552,22,0,667
5553,41,0,667
5554,17,0,667
5555,11,0,667
5556,54,0,667
5557,39,0,667
5558,13,0,668
5559,16,0,668
5560,34,0,668
5561,27,0,668
5562,36,0,668
5563,53,0,668
5564,40,0,668
5565,51,0,668
5566,35,0,668
5567,26,0,668
5568,46,0,668
5569,56,0,668
5570,39,0,668
5571,8,0,668
5572,45,0,668
5573,56,0,669
5574,33,0,669
5575,29,0,669
5576,56,0,669
5577,32,0,669
5578,34,0,669
5579,3,0,669
5580,21,0,669
5581,17,0,670
5582,28,0,670
5583,13,0,670
5584,8,0,670
5585,16,0,670
5586,24,0,670
5587,44,0,670
5588,24,0,670
5589,48,0,670
5590,31,0,670
5591,54,0,671
5592,34,0,671
5593,50,0,671
5594,14,0,671
5595,29,0,671
5596,2,0,671
5597,39,0,671
5598,37,0,671
5599,31,0,672
5600,14,0,672
5601,56,0,672
5602,37,0,672
5603,19,0,672
5604,11,0,672
5605,46,0,672
5606,16,0,673
5607,42,0,673
5608,32,0,673
5609,43,0,673
5610,44,0,673
5611,23,0,673
5612,33,0,673
5613,38,0,673
5614,9,0,673
5615,9,0,673
5616,5,0,673
5617,28,0,673
5618,7,0,674
5619,54,0,674
5620,1,0,674
5621,39,0,674
5622,13,0,674
5623,4,0,674
5624,58,0,674
5625,5,0,674
5626,47,0,675
5627,58,0,675
5628,26,0,675
5629,26,0,675
5630,21,0,675
5631,47,0,675
5632,52,0,675
5633,14,0,675
5634,22,0,675
5635,5,0,675
5636,39,0,675
5637,26,0,675
5638,1,0,675
5639,32,0,675
5640,1,0,676
5641,7,0,676
5642,10,0,676
5643,15,0,676
5644,8,0,676
5645,44,0,676
5646,52,0,676
5647,4,0,676
5648,3,0,677
5649,27,0,677
5650,21,0,678
5651,55,0,678
5652,55,0,678
5653,7,0,678
5654,37,0,678
5655,17,0,678
5656,40,0,678
5657,9,0,678
5658,13,0,678
5659,41,0,678
5660,20,0,678
5661,18,0,679
5662,58,0,679
5663,26,0,679
5664,46,0,679
5665,42,0,679
5666,19,0,679
5667,46,0,679
5668,58,0,679
5669,23,0,679
5670,35,0,679
5671,20,0,679
5672,6,0,679
5673,48,0,679
5674,24,0,680
5675,53,0,680
5676,38,0,681
5677,31,0,681
5678,2,0,681
5679,42,0,681
5680,49,0,681
5681,37,0,681
5682,45,0,681
5683,46,0,681
5684,7,0,681
5685,7,0,681
5686,50,0,681
5687,15,0,681
5688,34,0,682
5689,56,0,682
5690,2,0,682
5691,55,0,682
5692,35,0,683
5693,15,0,683
5694,57,0,683
5695,17,0,683
5696,45,0,683
5697,31,0,683
5698,53,0,683
5699,15,0,683
5700,34,0,683
5701,31,0,684
5702,24,0,684
5703,54,0,684
5704,9,0,684
5705,15,0,684
5706,44,0,685
5707,4,0,685
5708,8,0,686
5709,33,0,686
5710,15,0,686
5711,58,0,686
5712,22,0,686
5713,54,0,686
5714,51,0,686
5715,25,0,686
5716,29,0,686
5717,2,0,687
5718,18,0,688
5719,7,0,689
5720,32,0,690
5721,27,0,690
5722,35,0,690
5723,28,0,690
5724,18,0,690
5725,47,0,690
5726,58,0,690
5727,24,0,690
5728,52,0,691
5729,32,0,691
5730,18,0,691
5731,10,0,691
5732,15,0,692
5733,9,0,693
5734,17,0,693
5735,1,0,694
5736,52,0,694
5737,16,0,694
5738,46,0,694
5739,33,0,694
5740,15,0,694
5741,43,0,694
5742,34,0,694
5743,28,0,694
5744,14,0,694
5745,30,0,694
5746,15,0,694
5747,39,0,694
5748,54,0,694
5749,22,0,695
5750,42,0,695
5751,6,0,695
5752,39,0,695
