lineItemID,menuItemID,menuPrice,orderID
0,2,0,0
1,57,0,0
2,17,0,0
3,35,0,0
4,32,0,0
5,56,0,0
6,30,0,0
7,44,0,0
8,14,0,0
9,15,0,0
10,6,0,0
11,25,0,0
12,15,0,0
13,53,0,1
14,56,0,1
15,40,0,1
16,9,0,1
17,58,0,1
18,26,0,1
19,22,0,1
20,17,0,1
21,48,0,2
22,25,0,2
23,9,0,2
24,16,0,2
25,40,0,2
26,32,0,2
27,34,0,2
28,8,0,2
29,8,0,2
30,1,0,2
31,35,0,3
32,42,0,3
33,13,0,3
34,54,0,3
35,50,0,3
36,11,0,3
37,38,0,3
38,8,0,3
39,15,0,3
40,39,0,3
41,8,0,3
42,4,0,3
43,42,0,3
44,49,0,3
45,23,0,4
46,29,0,4
47,25,0,4
48,47,0,4
49,19,0,5
50,33,0,5
51,5,0,5
52,8,0,5
53,42,0,5
54,47,0,5
55,34,0,5
56,30,0,5
57,26,0,5
58,34,0,6
59,47,0,6
60,47,0,6
61,17,0,6
62,41,0,6
63,14,0,7
64,46,0,7
65,19,0,7
66,40,0,7
67,58,0,7
68,16,0,7
69,13,0,7
70,53,0,7
71,36,0,7
72,20,0,7
73,36,0,7
74,34,0,7
75,21,0,7
76,11,0,8
77,28,0,8
78,41,0,8
79,15,0,8
80,24,0,8
81,37,0,8
82,50,0,8
83,48,0,8
84,17,0,8
85,57,0,8
86,22,0,8
87,48,0,8
88,40,0,8
89,3,0,8
90,22,0,8
91,12,0,9
92,21,0,9
93,35,0,9
94,32,0,9
95,55,0,9
96,49,0,9
97,53,0,9
98,28,0,9
99,41,0,9
100,44,0,9
101,22,0,9
102,38,0,9
103,5,0,9
104,56,0,9
105,44,0,10
106,8,0,10
107,41,0,10
108,21,0,10
109,48,0,10
110,58,0,11
111,16,0,11
112,25,0,11
113,48,0,11
114,55,0,11
115,28,0,11
116,45,0,11
117,6,0,11
118,55,0,11
119,29,0,11
120,24,0,12
121,15,0,13
122,55,0,13
123,20,0,13
124,49,0,13
125,1,0,13
126,46,0,14
127,10,0,15
128,36,0,15
129,12,0,15
130,51,0,15
131,2,0,15
132,38,0,15
133,13,0,16
134,26,0,16
135,23,0,16
136,53,0,17
137,3,0,17
138,42,0,17
139,33,0,17
140,33,0,17
141,33,0,17
142,15,0,17
143,15,0,17
144,17,0,17
145,26,0,17
146,26,0,17
147,8,0,17
148,31,0,18
149,27,0,18
150,15,0,18
151,28,0,18
152,6,0,18
153,24,0,18
154,37,0,18
155,34,0,18
156,46,0,18
157,23,0,18
158,42,0,18
159,54,0,18
160,2,0,19
161,46,0,19
162,21,0,19
163,11,0,19
164,9,0,19
165,44,0,19
166,37,0,19
167,29,0,19
168,10,0,19
169,19,0,19
170,1,0,19
171,15,0,20
172,15,0,20
173,53,0,20
174,32,0,20
175,58,0,20
176,7,0,21
177,4,0,21
178,30,0,21
179,15,0,21
180,6,0,21
181,15,0,21
182,14,0,22
183,4,0,22
184,33,0,22
185,1,0,22
186,56,0,22
187,48,0,22
188,58,0,22
189,58,0,22
190,1,0,22
191,48,0,22
192,17,0,22
193,29,0,22
194,24,0,22
195,18,0,23
196,23,0,23
197,32,0,23
198,22,0,23
199,54,0,23
200,31,0,23
201,7,0,23
202,43,0,23
203,56,0,23
204,11,0,23
205,12,0,23
206,30,0,23
207,35,0,23
208,44,0,23
209,50,0,23
210,29,0,24
211,39,0,24
212,9,0,24
213,37,0,25
214,25,0,25
215,15,0,25
216,58,0,25
217,47,0,25
218,17,0,25
219,29,0,25
220,5,0,26
221,9,0,26
222,36,0,26
223,11,0,26
224,43,0,26
225,55,0,26
226,53,0,26
227,37,0,26
228,32,0,27
229,25,0,27
230,41,0,28
231,55,0,28
232,51,0,29
233,52,0,29
234,14,0,29
235,7,0,29
236,51,0,29
237,38,0,29
238,45,0,30
239,21,0,30
240,23,0,30
241,41,0,30
242,16,0,30
243,7,0,30
244,26,0,31
245,19,0,31
246,27,0,31
247,21,0,31
248,11,0,31
249,30,0,31
250,12,0,31
251,56,0,31
252,6,0,31
253,32,0,31
254,5,0,31
255,41,0,31
256,45,0,31
257,3,0,31
258,39,0,32
259,49,0,32
260,46,0,32
261,32,0,32
262,23,0,32
263,53,0,32
264,25,0,32
265,6,0,32
266,21,0,32
267,40,0,32
268,41,0,33
269,40,0,34
270,38,0,34
271,6,0,34
272,12,0,34
273,40,0,34
274,4,0,35
275,22,0,35
276,41,0,35
277,11,0,35
278,19,0,35
279,51,0,35
280,49,0,35
281,47,0,35
282,2,0,35
283,35,0,35
284,12,0,35
285,24,0,35
286,6,0,35
287,47,0,35
288,26,0,35
289,53,0,36
290,18,0,36
291,40,0,36
292,51,0,36
293,41,0,36
294,56,0,36
295,18,0,36
296,32,0,36
297,47,0,36
298,2,0,36
299,7,0,37
300,58,0,37
301,29,0,37
302,46,0,37
303,46,0,37
304,53,0,37
305,25,0,37
306,26,0,37
307,46,0,37
308,29,0,37
309,43,0,37
310,54,0,37
311,9,0,37
312,10,0,37
313,58,0,37
314,20,0,38
315,24,0,38
316,51,0,38
317,32,0,39
318,39,0,39
319,58,0,39
320,42,0,39
321,4,0,39
322,50,0,39
323,43,0,39
324,52,0,39
325,32,0,39
326,16,0,40
327,3,0,40
328,3,0,40
329,55,0,40
330,35,0,41
331,9,0,41
332,15,0,41
333,52,0,41
334,58,0,41
335,17,0,41
336,14,0,41
337,11,0,41
338,1,0,41
339,47,0,41
340,24,0,41
341,50,0,41
342,8,0,41
343,36,0,42
344,35,0,42
345,3,0,42
346,45,0,42
347,27,0,42
348,9,0,42
349,7,0,42
350,54,0,42
351,36,0,42
352,48,0,42
353,2,0,42
354,6,0,42
355,20,0,42
356,27,0,42
357,4,0,42
358,55,0,43
359,32,0,43
360,51,0,43
361,8,0,43
362,52,0,43
363,46,0,43
364,26,0,43
365,51,0,44
366,19,0,44
367,38,0,44
368,45,0,44
369,8,0,44
370,36,0,45
371,42,0,45
372,10,0,46
373,26,0,46
374,31,0,46
375,24,0,47
376,46,0,47
377,48,0,47
378,5,0,47
379,56,0,47
380,53,0,47
381,57,0,48
382,6,0,48
383,18,0,48
384,54,0,48
385,7,0,48
386,17,0,48
387,48,0,48
388,34,0,48
389,51,0,48
390,55,0,48
391,28,0,49
392,46,0,49
393,34,0,49
394,49,0,49
395,52,0,49
396,20,0,49
397,51,0,49
398,51,0,50
399,35,0,50
400,55,0,50
401,27,0,50
402,9,0,50
403,57,0,50
404,44,0,50
405,16,0,50
406,49,0,50
407,47,0,50
408,6,0,50
409,22,0,50
410,1,0,50
411,14,0,51
412,13,0,51
413,51,0,51
414,54,0,51
415,55,0,51
416,37,0,51
417,10,0,51
418,3,0,51
419,45,0,51
420,10,0,51
421,33,0,51
422,32,0,51
423,57,0,51
424,8,0,51
425,16,0,51
426,22,0,52
427,35,0,52
428,45,0,52
429,31,0,52
430,32,0,52
431,13,0,52
432,14,0,52
433,41,0,52
434,39,0,52
435,6,0,52
436,2,0,52
437,32,0,52
438,32,0,52
439,13,0,53
440,2,0,53
441,38,0,53
442,57,0,53
443,20,0,53
444,56,0,53
445,18,0,53
446,7,0,53
447,1,0,53
448,18,0,53
449,9,0,54
450,47,0,54
451,49,0,54
452,23,0,54
453,15,0,54
454,34,0,54
455,16,0,54
456,41,0,54
457,42,0,54
458,26,0,54
459,43,0,54
460,42,0,54
461,19,0,54
462,36,0,54
463,34,0,55
464,51,0,55
465,39,0,55
466,45,0,55
467,26,0,56
468,10,0,56
469,34,0,56
470,10,0,57
471,53,0,57
472,28,0,57
473,30,0,57
474,57,0,57
475,15,0,57
476,53,0,57
477,46,0,57
478,9,0,57
479,27,0,58
480,6,0,58
481,18,0,58
482,22,0,58
483,38,0,58
484,58,0,58
485,53,0,58
486,48,0,58
487,19,0,58
488,27,0,58
489,26,0,58
490,23,0,58
491,25,0,59
492,37,0,59
493,23,0,59
494,49,0,59
495,47,0,59
496,13,0,59
497,13,0,59
498,47,0,59
499,13,0,59
500,8,0,59
501,51,0,59
502,55,0,59
503,38,0,59
504,47,0,60
505,27,0,60
506,29,0,60
507,13,0,60
508,52,0,60
509,20,0,60
510,29,0,60
511,30,0,60
512,30,0,60
513,16,0,60
514,40,0,60
515,38,0,60
516,21,0,60
517,22,0,60
518,45,0,60
519,46,0,61
520,26,0,61
521,2,0,61
522,36,0,61
523,40,0,61
524,6,0,61
525,54,0,61
526,57,0,61
527,38,0,61
528,43,0,61
529,30,0,61
530,3,0,61
531,38,0,61
532,2,0,61
533,28,0,62
534,55,0,62
535,43,0,62
536,51,0,63
537,55,0,63
538,19,0,63
539,2,0,63
540,40,0,63
541,16,0,63
542,54,0,63
543,45,0,63
544,39,0,63
545,18,0,63
546,23,0,63
547,38,0,63
548,30,0,64
549,12,0,64
550,53,0,64
551,58,0,65
552,11,0,65
553,8,0,65
554,15,0,66
555,9,0,66
556,28,0,67
557,47,0,67
558,55,0,67
559,44,0,67
560,33,0,67
561,24,0,67
562,41,0,67
563,16,0,67
564,25,0,68
565,20,0,68
566,56,0,68
567,51,0,68
568,55,0,68
569,57,0,68
570,6,0,68
571,31,0,68
572,54,0,68
573,16,0,68
574,2,0,68
575,24,0,68
576,24,0,68
577,16,0,68
578,8,0,69
579,41,0,69
580,34,0,69
581,7,0,69
582,50,0,69
583,56,0,69
584,22,0,69
585,43,0,69
586,7,0,70
587,32,0,70
588,50,0,70
589,11,0,70
590,12,0,70
591,57,0,70
592,42,0,70
593,33,0,70
594,58,0,70
595,55,0,70
596,7,0,70
597,31,0,70
598,19,0,70
599,35,0,70
600,48,0,71
601,16,0,71
602,44,0,71
603,50,0,71
604,9,0,71
605,37,0,71
606,22,0,71
607,57,0,71
608,49,0,71
609,46,0,71
610,22,0,71
611,34,0,72
612,47,0,72
613,4,0,72
614,56,0,72
615,13,0,72
616,17,0,72
617,38,0,72
618,11,0,72
619,18,0,72
620,4,0,72
621,34,0,73
622,56,0,73
623,33,0,73
624,1,0,73
625,51,0,73
626,1,0,73
627,35,0,73
628,35,0,73
629,47,0,73
630,26,0,73
631,3,0,74
632,6,0,74
633,39,0,74
634,30,0,74
635,57,0,74
636,55,0,74
637,34,0,74
638,18,0,74
639,15,0,75
640,2,0,75
641,5,0,75
642,30,0,75
643,49,0,75
644,41,0,75
645,12,0,75
646,2,0,75
647,43,0,75
648,42,0,75
649,28,0,75
650,45,0,75
651,17,0,76
652,38,0,76
653,1,0,76
654,36,0,76
655,8,0,76
656,19,0,76
657,37,0,76
658,30,0,76
659,38,0,76
660,9,0,76
661,8,0,77
662,14,0,77
663,32,0,77
664,10,0,77
665,22,0,78
666,42,0,78
667,32,0,78
668,37,0,78
669,35,0,78
670,9,0,78
671,52,0,78
672,41,0,78
673,44,0,78
674,15,0,78
675,27,0,78
676,55,0,79
677,17,0,79
678,19,0,79
679,30,0,79
680,55,0,79
681,22,0,79
682,46,0,79
683,34,0,80
684,49,0,80
685,31,0,80
686,10,0,80
687,5,0,80
688,46,0,80
689,14,0,80
690,30,0,80
691,35,0,80
692,51,0,80
693,55,0,80
694,29,0,81
695,22,0,81
696,47,0,81
697,58,0,81
698,53,0,81
699,32,0,81
700,34,0,81
701,45,0,81
702,5,0,81
703,11,0,81
704,25,0,81
705,7,0,81
706,48,0,81
707,15,0,81
708,55,0,82
709,13,0,82
710,58,0,82
711,20,0,82
712,26,0,82
713,18,0,82
714,11,0,82
715,5,0,82
716,3,0,82
717,16,0,82
718,8,0,82
719,34,0,82
720,46,0,82
721,27,0,82
722,9,0,83
723,54,0,83
724,23,0,83
725,20,0,83
726,58,0,83
727,33,0,84
728,16,0,84
729,15,0,84
730,53,0,84
731,30,0,84
732,22,0,84
733,24,0,84
734,31,0,84
735,41,0,84
736,48,0,84
737,49,0,84
738,31,0,85
739,56,0,85
740,57,0,86
741,12,0,86
742,55,0,86
743,36,0,86
744,10,0,86
745,17,0,86
746,32,0,86
747,52,0,86
748,6,0,86
749,36,0,86
750,45,0,87
751,3,0,87
752,18,0,87
753,38,0,87
754,38,0,87
755,36,0,87
756,4,0,88
757,34,0,88
758,39,0,88
759,36,0,88
760,21,0,88
761,13,0,88
762,48,0,88
763,41,0,89
764,42,0,89
765,49,0,89
766,27,0,89
767,19,0,89
768,13,0,89
769,9,0,89
770,10,0,89
771,39,0,89
772,9,0,89
773,42,0,90
774,6,0,90
775,39,0,90
776,26,0,90
777,36,0,90
778,6,0,90
779,26,0,90
780,46,0,90
781,5,0,90
782,15,0,90
783,55,0,90
784,46,0,91
785,16,0,91
786,12,0,91
787,11,0,91
788,34,0,91
789,21,0,91
790,54,0,91
791,4,0,92
792,39,0,93
793,31,0,93
794,24,0,94
795,22,0,94
796,54,0,94
797,26,0,94
798,30,0,94
799,20,0,94
800,3,0,95
801,13,0,95
802,2,0,95
803,13,0,95
804,23,0,95
805,46,0,96
806,51,0,96
807,8,0,96
808,49,0,96
809,21,0,96
810,11,0,96
811,29,0,96
812,16,0,96
813,30,0,96
814,17,0,96
815,12,0,96
816,27,0,96
817,29,0,96
818,57,0,96
819,21,0,96
820,26,0,97
821,7,0,97
822,18,0,97
823,19,0,97
824,13,0,97
825,5,0,97
826,20,0,97
827,51,0,97
828,4,0,97
829,4,0,97
830,56,0,97
831,8,0,97
832,23,0,97
833,6,0,97
834,10,0,97
835,9,0,98
836,29,0,98
837,15,0,98
838,3,0,98
839,38,0,99
840,47,0,99
841,35,0,99
842,2,0,99
843,22,0,99
844,47,0,99
845,49,0,99
846,58,0,99
847,29,0,99
848,12,0,99
849,18,0,99
850,8,0,99
851,44,0,99
852,5,0,100
853,11,0,100
854,4,0,100
855,57,0,100
856,46,0,100
857,25,0,100
858,5,0,100
859,51,0,100
860,28,0,100
861,52,0,100
862,21,0,100
863,12,0,100
864,9,0,100
865,29,0,100
866,49,0,101
867,7,0,101
868,43,0,101
869,56,0,101
870,3,0,101
871,51,0,101
872,47,0,101
873,7,0,101
874,17,0,101
875,47,0,101
876,50,0,101
877,39,0,101
878,48,0,101
879,44,0,101
880,48,0,101
881,52,0,102
882,43,0,102
883,11,0,102
884,56,0,102
885,25,0,102
886,3,0,102
887,27,0,102
888,7,0,102
889,3,0,102
890,30,0,102
891,5,0,102
892,54,0,102
893,1,0,102
894,3,0,102
895,11,0,103
896,53,0,103
897,45,0,103
898,25,0,103
899,10,0,103
900,6,0,103
901,20,0,103
902,34,0,103
903,19,0,104
904,27,0,104
905,14,0,104
906,39,0,104
907,46,0,104
908,24,0,104
909,44,0,104
910,50,0,104
911,42,0,104
912,20,0,104
913,22,0,104
914,48,0,104
915,58,0,104
916,34,0,104
917,54,0,105
918,25,0,106
919,1,0,106
920,45,0,106
921,14,0,106
922,47,0,106
923,28,0,106
924,55,0,106
925,41,0,107
926,25,0,107
927,8,0,107
928,14,0,107
929,10,0,107
930,13,0,107
931,27,0,107
932,27,0,107
933,35,0,107
934,40,0,108
935,48,0,108
936,21,0,108
937,16,0,108
938,45,0,108
939,39,0,108
940,10,0,108
941,40,0,108
942,44,0,108
943,3,0,108
944,54,0,108
945,3,0,108
946,51,0,108
947,44,0,109
948,35,0,110
949,43,0,110
950,27,0,110
951,16,0,110
952,37,0,110
953,4,0,110
954,4,0,110
955,40,0,111
956,48,0,111
957,42,0,111
958,28,0,111
959,3,0,111
960,12,0,111
961,43,0,111
962,48,0,111
963,1,0,111
964,12,0,111
965,1,0,112
966,17,0,113
967,33,0,113
968,16,0,113
969,28,0,113
970,9,0,113
971,6,0,113
972,53,0,113
973,13,0,113
974,30,0,113
975,12,0,113
976,3,0,114
977,24,0,114
978,8,0,114
979,16,0,114
980,12,0,114
981,40,0,114
982,24,0,114
983,40,0,115
984,50,0,115
985,58,0,115
986,57,0,115
987,54,0,116
988,35,0,116
989,1,0,116
990,23,0,116
991,27,0,116
992,44,0,116
993,4,0,116
994,58,0,116
995,3,0,116
996,21,0,116
997,1,0,117
998,5,0,117
999,4,0,117
1000,36,0,117
1001,49,0,117
1002,26,0,117
1003,49,0,117
1004,36,0,118
1005,25,0,118
1006,5,0,118
1007,6,0,118
1008,45,0,118
1009,36,0,118
1010,8,0,118
1011,1,0,118
1012,9,0,119
1013,12,0,119
1014,38,0,119
1015,45,0,119
1016,54,0,119
1017,16,0,119
1018,57,0,119
1019,52,0,119
1020,33,0,119
1021,2,0,119
1022,46,0,119
1023,40,0,119
1024,11,0,120
1025,27,0,120
1026,32,0,120
1027,33,0,120
1028,43,0,120
1029,45,0,120
1030,21,0,120
1031,58,0,120
1032,31,0,121
1033,14,0,121
1034,30,0,121
1035,7,0,121
1036,57,0,121
1037,37,0,121
1038,25,0,121
1039,49,0,121
1040,37,0,121
1041,44,0,121
1042,48,0,122
1043,11,0,123
1044,28,0,123
1045,50,0,124
1046,52,0,124
1047,26,0,124
1048,50,0,124
1049,31,0,124
1050,31,0,124
1051,28,0,124
1052,57,0,124
1053,49,0,124
1054,38,0,124
1055,32,0,124
1056,21,0,124
1057,9,0,125
1058,4,0,125
1059,47,0,125
1060,41,0,125
1061,7,0,125
1062,9,0,125
1063,32,0,125
1064,26,0,125
1065,47,0,125
1066,22,0,125
1067,17,0,125
1068,10,0,126
1069,40,0,127
1070,44,0,127
1071,23,0,127
1072,42,0,127
1073,8,0,128
1074,23,0,128
1075,17,0,128
1076,25,0,128
1077,47,0,128
1078,48,0,128
1079,56,0,128
1080,17,0,128
1081,7,0,128
1082,5,0,129
1083,22,0,129
1084,8,0,129
1085,27,0,129
1086,46,0,129
1087,15,0,129
1088,53,0,129
1089,11,0,129
1090,3,0,129
1091,24,0,130
1092,23,0,130
1093,48,0,130
1094,25,0,130
1095,9,0,130
1096,58,0,130
1097,15,0,131
1098,21,0,131
1099,43,0,131
1100,11,0,131
1101,32,0,131
1102,51,0,131
1103,33,0,132
1104,14,0,132
1105,11,0,132
1106,20,0,132
1107,53,0,132
1108,22,0,132
1109,47,0,132
1110,19,0,132
1111,14,0,132
1112,49,0,132
1113,10,0,132
1114,56,0,132
1115,45,0,132
1116,47,0,132
1117,16,0,132
1118,14,0,133
1119,49,0,133
1120,36,0,133
1121,11,0,133
1122,19,0,133
1123,5,0,133
1124,52,0,133
1125,21,0,134
1126,2,0,134
1127,55,0,134
1128,1,0,134
1129,41,0,134
1130,45,0,134
1131,16,0,134
1132,25,0,134
1133,55,0,135
1134,35,0,136
1135,20,0,136
1136,35,0,136
1137,43,0,136
1138,20,0,136
1139,16,0,136
1140,33,0,136
1141,14,0,136
1142,52,0,137
1143,24,0,137
1144,26,0,137
1145,6,0,137
1146,39,0,137
1147,8,0,138
1148,6,0,138
1149,50,0,138
1150,47,0,138
1151,55,0,138
1152,42,0,138
1153,49,0,138
1154,56,0,138
1155,39,0,138
1156,16,0,139
1157,8,0,139
1158,24,0,139
1159,13,0,139
1160,5,0,139
1161,46,0,139
1162,7,0,139
1163,47,0,139
1164,32,0,140
1165,22,0,140
1166,42,0,140
1167,44,0,140
1168,4,0,140
1169,7,0,140
1170,14,0,140
1171,23,0,140
1172,31,0,140
1173,5,0,140
1174,17,0,140
1175,22,0,140
1176,41,0,140
1177,5,0,140
1178,12,0,140
1179,32,0,141
1180,12,0,141
1181,49,0,142
1182,22,0,142
1183,34,0,142
1184,24,0,142
1185,51,0,142
1186,5,0,142
1187,4,0,142
1188,30,0,142
1189,30,0,142
1190,44,0,142
1191,38,0,142
1192,14,0,142
1193,41,0,142
1194,8,0,143
1195,8,0,143
1196,33,0,143
1197,21,0,143
1198,46,0,143
1199,22,0,143
1200,56,0,143
1201,2,0,144
1202,49,0,144
1203,5,0,144
1204,5,0,144
1205,8,0,145
1206,4,0,145
1207,22,0,145
1208,53,0,145
1209,20,0,145
1210,57,0,145
1211,36,0,145
1212,47,0,145
1213,39,0,145
1214,30,0,145
1215,58,0,145
1216,11,0,145
1217,11,0,145
1218,55,0,145
1219,41,0,145
1220,50,0,146
1221,51,0,146
1222,12,0,146
1223,15,0,146
1224,44,0,146
1225,50,0,146
1226,21,0,146
1227,41,0,146
1228,39,0,146
1229,41,0,146
1230,35,0,146
1231,48,0,146
1232,50,0,146
1233,32,0,147
1234,25,0,147
1235,6,0,147
1236,12,0,147
1237,17,0,147
1238,33,0,147
1239,36,0,147
1240,52,0,147
1241,46,0,147
1242,16,0,147
1243,26,0,147
1244,31,0,147
1245,11,0,147
1246,48,0,147
1247,25,0,147
1248,53,0,148
1249,58,0,148
1250,30,0,148
1251,10,0,148
1252,50,0,148
1253,48,0,148
1254,18,0,148
1255,12,0,148
1256,34,0,148
1257,39,0,148
1258,28,0,148
1259,27,0,148
1260,26,0,148
1261,43,0,149
1262,3,0,149
1263,44,0,149
1264,36,0,149
1265,36,0,149
1266,56,0,149
1267,26,0,149
1268,47,0,149
1269,20,0,149
1270,26,0,149
1271,30,0,149
1272,41,0,149
1273,31,0,150
1274,13,0,150
1275,28,0,150
1276,35,0,150
1277,58,0,150
1278,5,0,150
1279,58,0,150
1280,32,0,150
1281,37,0,150
1282,34,0,150
1283,38,0,150
1284,50,0,150
1285,25,0,150
1286,34,0,151
1287,54,0,151
1288,43,0,151
1289,53,0,152
1290,55,0,152
1291,40,0,152
1292,26,0,152
1293,50,0,152
1294,43,0,153
1295,44,0,153
1296,40,0,153
1297,24,0,153
1298,25,0,154
1299,23,0,154
1300,3,0,154
1301,29,0,154
1302,37,0,154
1303,33,0,154
1304,6,0,154
1305,6,0,154
1306,52,0,154
1307,58,0,154
1308,9,0,154
1309,12,0,154
1310,55,0,154
1311,18,0,154
1312,55,0,155
1313,33,0,155
1314,34,0,155
1315,25,0,155
1316,33,0,155
1317,7,0,155
1318,46,0,155
1319,15,0,155
1320,34,0,155
1321,58,0,155
1322,54,0,155
1323,54,0,155
1324,58,0,155
1325,45,0,155
1326,18,0,156
1327,25,0,156
1328,50,0,156
1329,46,0,156
1330,38,0,156
1331,52,0,156
1332,48,0,156
1333,18,0,157
1334,16,0,157
1335,3,0,157
1336,40,0,157
1337,33,0,157
1338,50,0,157
1339,57,0,157
1340,57,0,157
1341,19,0,157
1342,34,0,157
1343,38,0,158
1344,42,0,158
1345,34,0,158
1346,40,0,158
1347,23,0,158
1348,45,0,158
1349,5,0,158
1350,46,0,159
1351,15,0,159
1352,22,0,159
1353,12,0,160
1354,41,0,160
1355,55,0,160
1356,38,0,160
1357,40,0,160
1358,37,0,160
1359,27,0,161
1360,25,0,161
1361,48,0,161
1362,25,0,161
1363,19,0,161
1364,24,0,161
1365,46,0,161
1366,34,0,161
1367,39,0,161
1368,23,0,161
1369,3,0,161
1370,19,0,161
1371,16,0,161
1372,11,0,161
1373,31,0,162
1374,34,0,162
1375,31,0,162
1376,8,0,162
1377,54,0,162
1378,3,0,162
1379,33,0,162
1380,6,0,163
1381,36,0,163
1382,52,0,164
1383,28,0,164
1384,13,0,164
1385,8,0,164
1386,47,0,164
1387,26,0,164
1388,43,0,164
1389,5,0,165
1390,44,0,165
1391,11,0,165
1392,3,0,165
1393,32,0,165
1394,53,0,165
1395,8,0,165
1396,43,0,165
1397,42,0,165
1398,16,0,165
1399,55,0,166
1400,12,0,166
1401,16,0,166
1402,55,0,167
1403,37,0,167
1404,42,0,167
1405,2,0,167
1406,8,0,167
1407,57,0,167
1408,18,0,167
1409,50,0,167
1410,45,0,167
1411,16,0,167
1412,51,0,167
1413,1,0,167
1414,4,0,168
1415,41,0,168
1416,56,0,168
1417,42,0,168
1418,32,0,168
1419,47,0,168
1420,9,0,169
1421,13,0,169
1422,20,0,169
1423,18,0,169
1424,23,0,169
1425,31,0,169
1426,49,0,169
1427,12,0,169
1428,14,0,170
1429,3,0,170
1430,20,0,170
1431,23,0,170
1432,17,0,170
1433,55,0,170
1434,30,0,170
1435,44,0,170
1436,22,0,170
1437,31,0,170
1438,54,0,171
1439,22,0,171
1440,14,0,171
1441,5,0,171
1442,29,0,171
1443,38,0,171
1444,16,0,172
1445,30,0,172
1446,23,0,172
1447,30,0,172
1448,31,0,172
1449,43,0,172
1450,54,0,172
1451,23,0,172
1452,49,0,172
1453,51,0,172
1454,47,0,172
1455,54,0,172
1456,57,0,172
1457,25,0,172
1458,45,0,173
1459,56,0,173
1460,2,0,173
1461,52,0,173
1462,26,0,173
1463,23,0,173
1464,37,0,173
1465,46,0,173
1466,21,0,174
1467,35,0,174
1468,28,0,174
1469,23,0,174
1470,5,0,174
1471,49,0,174
1472,28,0,174
1473,38,0,174
1474,10,0,174
1475,23,0,174
1476,9,0,174
1477,54,0,174
1478,51,0,174
1479,49,0,175
1480,3,0,176
1481,53,0,176
1482,27,0,176
1483,15,0,176
1484,48,0,176
1485,48,0,177
1486,21,0,178
1487,48,0,178
1488,52,0,178
1489,18,0,178
1490,13,0,178
1491,10,0,178
1492,39,0,178
1493,20,0,178
1494,19,0,178
1495,25,0,179
1496,53,0,179
1497,47,0,179
1498,34,0,179
1499,49,0,179
1500,56,0,179
1501,18,0,179
1502,18,0,179
1503,44,0,179
1504,32,0,179
1505,37,0,180
1506,54,0,180
1507,40,0,180
1508,53,0,180
1509,17,0,180
1510,12,0,180
1511,44,0,181
1512,17,0,181
1513,28,0,181
1514,4,0,181
1515,44,0,181
1516,15,0,181
1517,32,0,181
1518,45,0,181
1519,37,0,181
1520,47,0,181
1521,34,0,181
1522,20,0,181
1523,52,0,181
1524,6,0,181
1525,15,0,181
1526,18,0,182
1527,28,0,182
1528,9,0,182
1529,41,0,182
1530,39,0,182
1531,2,0,182
1532,27,0,182
1533,51,0,182
1534,1,0,183
1535,3,0,183
1536,47,0,183
1537,10,0,183
1538,12,0,183
1539,28,0,183
1540,4,0,184
1541,43,0,185
1542,25,0,185
1543,37,0,185
1544,46,0,185
1545,21,0,185
1546,9,0,185
1547,56,0,185
1548,18,0,185
1549,29,0,185
1550,16,0,185
1551,49,0,186
1552,32,0,186
1553,51,0,186
1554,48,0,186
1555,37,0,187
1556,20,0,187
1557,5,0,187
1558,49,0,187
1559,26,0,187
1560,28,0,187
1561,54,0,188
1562,27,0,188
1563,39,0,188
1564,47,0,188
1565,26,0,188
1566,29,0,188
1567,19,0,188
1568,42,0,188
1569,31,0,188
1570,14,0,188
1571,58,0,188
1572,47,0,188
1573,30,0,188
1574,8,0,189
1575,7,0,189
1576,15,0,189
1577,45,0,189
1578,30,0,190
1579,13,0,190
1580,6,0,190
1581,55,0,190
1582,12,0,190
1583,39,0,190
1584,50,0,190
1585,57,0,191
1586,13,0,191
1587,8,0,192
1588,12,0,192
1589,12,0,192
1590,16,0,192
1591,28,0,192
1592,6,0,193
1593,57,0,193
1594,56,0,193
1595,40,0,193
1596,30,0,193
1597,26,0,193
1598,15,0,193
1599,51,0,193
1600,24,0,193
1601,23,0,193
1602,16,0,193
1603,45,0,193
1604,33,0,193
1605,58,0,193
1606,48,0,193
1607,7,0,194
1608,17,0,194
1609,50,0,195
1610,36,0,195
1611,29,0,195
1612,43,0,195
1613,5,0,196
1614,8,0,196
1615,36,0,196
1616,55,0,196
1617,17,0,196
1618,39,0,196
1619,11,0,196
1620,40,0,196
1621,39,0,196
1622,28,0,197
1623,2,0,197
1624,46,0,198
1625,14,0,198
1626,40,0,198
1627,39,0,198
1628,33,0,198
1629,22,0,198
1630,58,0,198
1631,20,0,198
1632,9,0,198
1633,49,0,198
1634,41,0,198
1635,57,0,199
1636,55,0,199
1637,11,0,199
1638,25,0,199
1639,30,0,199
1640,33,0,199
1641,32,0,200
1642,19,0,200
1643,32,0,200
1644,46,0,200
1645,50,0,200
1646,27,0,200
1647,4,0,200
1648,46,0,200
1649,51,0,200
1650,33,0,200
1651,9,0,200
1652,44,0,201
1653,17,0,201
1654,57,0,201
1655,3,0,201
1656,45,0,201
1657,40,0,202
1658,1,0,202
1659,28,0,202
1660,48,0,202
1661,50,0,202
1662,22,0,202
1663,18,0,202
1664,21,0,202
1665,31,0,202
1666,6,0,202
1667,38,0,202
1668,16,0,202
1669,14,0,202
1670,17,0,202
1671,31,0,202
1672,21,0,203
1673,19,0,203
1674,19,0,203
1675,52,0,203
1676,26,0,203
1677,10,0,203
1678,20,0,203
1679,25,0,204
1680,21,0,204
1681,44,0,205
1682,36,0,205
1683,25,0,205
1684,57,0,205
1685,21,0,205
1686,8,0,205
1687,42,0,206
1688,5,0,206
1689,49,0,206
1690,30,0,206
1691,12,0,206
1692,56,0,206
1693,36,0,206
1694,12,0,206
1695,28,0,206
1696,46,0,206
1697,19,0,206
1698,53,0,206
1699,3,0,206
1700,3,0,206
1701,44,0,207
1702,3,0,207
1703,11,0,207
1704,23,0,207
1705,56,0,207
1706,44,0,207
1707,34,0,207
1708,40,0,207
1709,33,0,207
1710,40,0,208
1711,33,0,208
1712,52,0,208
1713,23,0,208
1714,16,0,208
1715,54,0,208
1716,16,0,208
1717,25,0,208
1718,15,0,208
1719,49,0,208
1720,42,0,208
1721,27,0,209
1722,20,0,209
1723,2,0,209
1724,14,0,209
1725,46,0,209
1726,52,0,209
1727,16,0,209
1728,25,0,209
1729,40,0,209
1730,46,0,209
1731,19,0,209
1732,47,0,210
1733,48,0,210
1734,37,0,210
1735,55,0,210
1736,57,0,210
1737,25,0,210
1738,1,0,211
1739,9,0,211
1740,31,0,211
1741,54,0,211
1742,33,0,211
1743,41,0,211
1744,14,0,211
1745,36,0,211
1746,26,0,211
1747,46,0,211
1748,1,0,211
1749,31,0,211
1750,22,0,212
1751,30,0,212
1752,4,0,212
1753,36,0,212
1754,19,0,212
1755,38,0,212
1756,33,0,212
1757,3,0,213
1758,38,0,214
1759,1,0,215
1760,49,0,215
1761,7,0,215
1762,32,0,215
1763,17,0,215
1764,25,0,215
1765,15,0,215
1766,12,0,215
1767,53,0,215
1768,23,0,215
1769,53,0,215
1770,56,0,216
1771,41,0,216
1772,26,0,216
1773,20,0,216
1774,50,0,216
1775,41,0,216
1776,47,0,216
1777,3,0,216
1778,13,0,216
1779,7,0,216
1780,57,0,217
1781,50,0,217
1782,20,0,217
1783,22,0,217
1784,29,0,217
1785,27,0,217
1786,30,0,217
1787,55,0,217
1788,9,0,217
1789,51,0,217
1790,26,0,217
1791,24,0,217
1792,40,0,217
1793,17,0,217
1794,22,0,218
1795,16,0,218
1796,14,0,218
1797,40,0,218
1798,12,0,219
1799,2,0,219
1800,14,0,219
1801,2,0,219
1802,23,0,219
1803,47,0,219
1804,47,0,219
1805,57,0,219
1806,22,0,220
1807,20,0,220
1808,24,0,220
1809,9,0,220
1810,49,0,220
1811,43,0,220
1812,37,0,220
1813,40,0,220
1814,55,0,220
1815,21,0,220
1816,34,0,220
1817,40,0,221
1818,34,0,221
1819,40,0,221
1820,34,0,221
1821,28,0,221
1822,21,0,221
1823,14,0,222
1824,15,0,222
1825,51,0,222
1826,6,0,222
1827,45,0,222
1828,51,0,222
1829,24,0,222
1830,36,0,222
1831,54,0,223
1832,28,0,223
1833,31,0,223
1834,53,0,224
1835,32,0,224
1836,21,0,224
1837,49,0,224
1838,55,0,224
1839,19,0,224
1840,9,0,224
1841,42,0,225
1842,32,0,226
1843,21,0,226
1844,13,0,226
1845,33,0,226
1846,45,0,226
1847,56,0,226
1848,38,0,226
1849,28,0,226
1850,44,0,226
1851,51,0,227
1852,31,0,227
1853,19,0,227
1854,31,0,227
1855,58,0,227
1856,4,0,227
1857,54,0,227
1858,17,0,227
1859,36,0,227
1860,47,0,227
1861,28,0,227
1862,36,0,227
1863,14,0,227
1864,29,0,227
1865,55,0,228
1866,4,0,228
1867,47,0,229
1868,44,0,229
1869,40,0,229
1870,35,0,229
1871,54,0,229
1872,47,0,229
1873,54,0,229
1874,50,0,229
1875,20,0,229
1876,21,0,229
1877,46,0,229
1878,49,0,229
1879,45,0,229
1880,30,0,230
1881,52,0,230
1882,19,0,230
1883,37,0,230
1884,51,0,230
1885,15,0,230
1886,56,0,231
1887,29,0,231
1888,58,0,231
1889,35,0,232
1890,14,0,232
1891,30,0,232
1892,42,0,232
1893,52,0,232
1894,54,0,232
1895,21,0,232
1896,38,0,232
1897,7,0,232
1898,44,0,232
1899,12,0,232
1900,9,0,233
1901,11,0,233
1902,15,0,233
1903,2,0,233
1904,49,0,233
1905,4,0,233
1906,24,0,233
1907,53,0,233
1908,36,0,233
1909,35,0,233
1910,11,0,233
1911,4,0,233
1912,33,0,233
1913,32,0,233
1914,18,0,233
1915,22,0,234
1916,37,0,234
1917,20,0,234
1918,10,0,234
1919,52,0,234
1920,15,0,234
1921,37,0,234
1922,29,0,234
1923,34,0,234
1924,30,0,235
1925,48,0,235
1926,58,0,235
1927,3,0,235
1928,56,0,235
1929,12,0,235
1930,39,0,235
1931,22,0,235
1932,3,0,235
1933,12,0,235
1934,4,0,236
1935,33,0,236
1936,5,0,236
1937,58,0,236
1938,54,0,236
1939,10,0,237
1940,56,0,237
1941,46,0,238
1942,5,0,238
1943,26,0,238
1944,27,0,238
1945,19,0,238
1946,4,0,238
1947,49,0,238
1948,21,0,238
1949,48,0,238
1950,7,0,238
1951,12,0,238
1952,27,0,238
1953,26,0,239
1954,9,0,239
1955,28,0,239
1956,21,0,240
1957,24,0,240
1958,19,0,240
1959,34,0,240
1960,30,0,240
1961,34,0,240
1962,45,0,240
1963,42,0,240
1964,5,0,240
1965,50,0,240
1966,23,0,240
1967,37,0,240
1968,21,0,240
1969,38,0,241
1970,30,0,241
1971,56,0,241
1972,9,0,241
1973,11,0,241
1974,13,0,241
1975,46,0,241
1976,16,0,241
1977,36,0,241
1978,23,0,241
1979,13,0,242
1980,49,0,242
1981,45,0,243
1982,58,0,243
1983,35,0,243
1984,42,0,243
1985,27,0,243
1986,34,0,244
1987,23,0,245
1988,46,0,245
1989,27,0,245
1990,40,0,245
1991,41,0,245
1992,4,0,246
1993,16,0,246
1994,11,0,246
1995,33,0,246
1996,23,0,246
1997,57,0,246
1998,47,0,246
1999,5,0,247
2000,25,0,247
2001,20,0,247
2002,38,0,247
2003,27,0,247
2004,17,0,247
2005,34,0,248
2006,55,0,248
2007,58,0,249
2008,33,0,249
2009,40,0,249
2010,36,0,250
2011,19,0,250
2012,24,0,251
2013,27,0,251
2014,7,0,251
2015,47,0,251
2016,5,0,251
2017,57,0,251
2018,12,0,252
2019,26,0,252
2020,43,0,252
2021,17,0,252
2022,5,0,253
2023,22,0,253
2024,19,0,253
2025,1,0,253
2026,26,0,253
2027,23,0,253
2028,7,0,253
2029,40,0,253
2030,45,0,253
2031,35,0,253
2032,18,0,254
2033,23,0,254
2034,8,0,254
2035,20,0,254
2036,46,0,254
2037,3,0,254
2038,12,0,254
2039,33,0,254
2040,34,0,254
2041,56,0,254
2042,15,0,254
2043,51,0,254
2044,28,0,254
2045,19,0,255
2046,56,0,255
2047,28,0,255
2048,31,0,255
2049,10,0,255
2050,37,0,255
2051,23,0,255
2052,31,0,255
2053,54,0,255
2054,38,0,255
2055,34,0,255
2056,40,0,255
2057,15,0,255
2058,3,0,255
2059,31,0,256
2060,24,0,257
2061,42,0,257
2062,20,0,257
2063,20,0,257
2064,10,0,257
2065,48,0,257
2066,17,0,257
2067,33,0,257
2068,30,0,257
2069,17,0,257
2070,22,0,257
2071,46,0,257
2072,3,0,257
2073,28,0,257
2074,32,0,257
2075,39,0,258
2076,55,0,258
2077,54,0,259
2078,46,0,259
2079,42,0,259
2080,43,0,259
2081,49,0,259
2082,24,0,259
2083,25,0,259
2084,22,0,259
2085,29,0,259
2086,11,0,259
2087,41,0,259
2088,3,0,259
2089,11,0,259
2090,40,0,259
2091,10,0,259
2092,54,0,260
2093,53,0,260
2094,33,0,260
2095,1,0,260
2096,44,0,260
2097,54,0,260
2098,12,0,260
2099,5,0,260
2100,10,0,260
2101,42,0,260
2102,41,0,261
2103,51,0,261
2104,17,0,261
2105,35,0,261
2106,17,0,261
2107,31,0,261
2108,7,0,261
2109,55,0,261
2110,22,0,261
2111,14,0,261
2112,1,0,261
2113,27,0,261
2114,27,0,261
2115,16,0,262
2116,8,0,262
2117,36,0,262
2118,34,0,262
2119,24,0,262
2120,12,0,262
2121,43,0,262
2122,9,0,262
2123,4,0,262
2124,3,0,262
2125,10,0,262
2126,54,0,262
2127,34,0,262
2128,34,0,263
2129,7,0,264
2130,2,0,264
2131,22,0,264
2132,29,0,264
2133,31,0,264
2134,40,0,264
2135,30,0,265
2136,35,0,265
2137,4,0,265
2138,49,0,265
2139,25,0,265
2140,53,0,265
2141,29,0,266
2142,4,0,266
2143,52,0,266
2144,30,0,266
2145,6,0,266
2146,58,0,266
2147,21,0,266
2148,21,0,266
2149,39,0,266
2150,48,0,266
2151,12,0,266
2152,19,0,266
2153,45,0,267
2154,13,0,267
2155,15,0,267
2156,22,0,267
2157,30,0,268
2158,24,0,268
2159,3,0,268
2160,26,0,268
2161,19,0,268
2162,47,0,268
2163,35,0,269
2164,12,0,269
2165,19,0,270
2166,56,0,270
2167,19,0,270
2168,11,0,270
2169,32,0,270
2170,19,0,270
2171,32,0,270
2172,26,0,270
2173,46,0,270
2174,32,0,271
2175,16,0,271
2176,50,0,271
2177,33,0,271
2178,56,0,271
2179,17,0,271
2180,36,0,271
2181,32,0,271
2182,43,0,271
2183,14,0,271
2184,27,0,272
2185,22,0,272
2186,36,0,272
2187,18,0,272
2188,36,0,272
2189,38,0,272
2190,8,0,273
2191,48,0,273
2192,22,0,273
2193,45,0,273
2194,18,0,273
2195,40,0,273
2196,6,0,273
2197,5,0,273
2198,11,0,273
2199,44,0,273
2200,6,0,273
2201,11,0,274
2202,22,0,274
2203,20,0,274
2204,52,0,274
2205,2,0,274
2206,21,0,274
2207,15,0,274
2208,51,0,274
2209,13,0,274
2210,57,0,274
2211,37,0,274
2212,38,0,274
2213,17,0,275
2214,39,0,275
2215,41,0,275
2216,16,0,275
2217,3,0,275
2218,2,0,275
2219,45,0,275
2220,36,0,275
2221,9,0,275
2222,29,0,275
2223,8,0,275
2224,57,0,275
2225,32,0,275
2226,41,0,276
2227,12,0,276
2228,38,0,276
2229,37,0,276
2230,46,0,276
2231,10,0,276
2232,45,0,276
2233,1,0,276
2234,42,0,276
2235,48,0,276
2236,48,0,276
2237,15,0,276
2238,44,0,276
2239,19,0,276
2240,10,0,277
2241,35,0,277
2242,11,0,277
2243,9,0,277
2244,18,0,277
2245,41,0,277
2246,22,0,277
2247,29,0,278
2248,28,0,278
2249,25,0,278
2250,15,0,278
2251,31,0,279
2252,34,0,279
2253,58,0,279
2254,31,0,279
2255,19,0,279
2256,22,0,279
2257,14,0,279
2258,48,0,279
2259,20,0,279
2260,23,0,279
2261,6,0,279
2262,15,0,279
2263,40,0,279
2264,41,0,280
2265,10,0,280
2266,50,0,280
2267,10,0,280
2268,8,0,280
2269,35,0,280
2270,3,0,280
2271,42,0,280
2272,2,0,280
2273,2,0,280
2274,3,0,280
2275,40,0,281
2276,1,0,282
2277,23,0,282
2278,38,0,283
2279,10,0,283
2280,8,0,283
2281,12,0,283
2282,3,0,283
2283,52,0,283
2284,56,0,283
2285,7,0,284
2286,40,0,284
2287,22,0,284
2288,35,0,284
2289,17,0,284
2290,40,0,284
2291,53,0,284
2292,15,0,285
2293,34,0,285
2294,21,0,285
2295,39,0,285
2296,23,0,285
2297,21,0,286
2298,8,0,286
2299,26,0,286
2300,17,0,286
2301,32,0,286
2302,13,0,286
2303,49,0,286
2304,35,0,286
2305,22,0,286
2306,43,0,286
2307,2,0,286
2308,31,0,286
2309,52,0,286
2310,27,0,286
2311,1,0,287
2312,55,0,287
2313,38,0,287
2314,55,0,287
2315,18,0,287
2316,34,0,287
2317,53,0,287
2318,6,0,287
2319,53,0,287
2320,25,0,287
2321,29,0,287
2322,42,0,288
2323,37,0,288
2324,25,0,288
2325,33,0,288
2326,52,0,288
2327,27,0,288
2328,42,0,288
2329,51,0,288
2330,51,0,288
2331,34,0,288
2332,48,0,289
2333,9,0,289
2334,58,0,289
2335,16,0,290
2336,12,0,290
2337,56,0,290
2338,57,0,290
2339,10,0,290
2340,9,0,290
2341,48,0,290
2342,43,0,290
2343,51,0,290
2344,24,0,290
2345,43,0,290
2346,34,0,291
2347,41,0,291
2348,1,0,291
2349,49,0,291
2350,11,0,292
2351,15,0,292
2352,58,0,292
2353,46,0,293
2354,48,0,293
2355,18,0,293
2356,31,0,293
2357,15,0,293
2358,57,0,293
2359,9,0,293
2360,13,0,293
2361,33,0,293
2362,25,0,293
2363,2,0,293
2364,11,0,294
2365,45,0,294
2366,46,0,294
2367,12,0,294
2368,35,0,294
2369,9,0,294
2370,20,0,294
2371,34,0,294
2372,37,0,294
2373,48,0,294
2374,55,0,294
2375,40,0,294
2376,53,0,294
2377,27,0,295
2378,52,0,295
2379,10,0,295
2380,37,0,295
2381,25,0,295
2382,5,0,295
2383,32,0,295
2384,32,0,295
2385,40,0,296
2386,18,0,296
2387,11,0,296
2388,1,0,296
2389,57,0,296
2390,17,0,296
2391,41,0,297
2392,51,0,297
2393,25,0,297
2394,25,0,297
2395,14,0,297
2396,3,0,297
2397,52,0,297
2398,39,0,297
2399,27,0,297
2400,32,0,297
2401,27,0,297
2402,38,0,297
2403,22,0,297
2404,21,0,297
2405,51,0,297
2406,11,0,298
2407,46,0,298
2408,21,0,298
2409,19,0,298
2410,43,0,298
2411,26,0,298
2412,7,0,298
2413,41,0,298
2414,56,0,298
2415,16,0,298
2416,15,0,299
2417,39,0,299
2418,33,0,299
2419,32,0,299
2420,2,0,299
2421,18,0,299
2422,12,0,299
2423,24,0,299
2424,23,0,299
2425,12,0,299
2426,25,0,299
2427,39,0,300
2428,18,0,300
2429,17,0,300
2430,39,0,300
2431,58,0,300
2432,52,0,300
2433,2,0,300
2434,36,0,300
2435,57,0,300
2436,8,0,300
2437,38,0,300
2438,47,0,300
2439,39,0,300
2440,5,0,300
2441,34,0,301
2442,58,0,301
2443,37,0,301
2444,1,0,301
2445,14,0,301
2446,27,0,301
2447,37,0,301
2448,9,0,301
2449,9,0,301
2450,34,0,301
2451,17,0,301
2452,18,0,301
2453,53,0,302
2454,36,0,302
2455,27,0,302
2456,21,0,302
2457,44,0,302
2458,5,0,302
2459,57,0,302
2460,10,0,302
2461,37,0,303
2462,23,0,303
2463,2,0,303
2464,34,0,303
2465,19,0,303
2466,50,0,303
2467,30,0,304
2468,2,0,304
2469,24,0,304
2470,6,0,304
2471,19,0,305
2472,46,0,305
2473,45,0,305
2474,35,0,305
2475,47,0,305
2476,29,0,306
2477,4,0,306
2478,52,0,306
2479,45,0,306
2480,8,0,306
2481,14,0,306
2482,40,0,306
2483,36,0,306
2484,24,0,306
2485,3,0,306
2486,49,0,306
2487,38,0,306
2488,36,0,306
2489,9,0,307
2490,3,0,308
2491,37,0,308
2492,13,0,308
2493,9,0,309
2494,17,0,309
2495,15,0,309
2496,7,0,309
2497,44,0,310
2498,39,0,310
2499,54,0,310
2500,54,0,310
2501,35,0,310
2502,1,0,310
2503,50,0,310
2504,16,0,310
2505,46,0,311
2506,42,0,311
2507,16,0,311
2508,44,0,311
2509,23,0,311
2510,8,0,311
2511,46,0,311
2512,15,0,311
2513,37,0,311
2514,53,0,311
2515,18,0,311
2516,11,0,311
2517,58,0,312
2518,2,0,312
2519,18,0,312
2520,3,0,312
2521,26,0,312
2522,52,0,312
2523,54,0,312
2524,16,0,312
2525,3,0,312
2526,2,0,312
2527,22,0,312
2528,28,0,312
2529,12,0,313
2530,58,0,314
2531,54,0,314
2532,43,0,314
2533,41,0,314
2534,20,0,314
2535,34,0,314
2536,39,0,314
2537,27,0,314
2538,10,0,314
2539,1,0,314
2540,12,0,314
2541,35,0,314
2542,4,0,314
2543,40,0,314
2544,31,0,314
2545,39,0,315
2546,26,0,315
2547,40,0,315
2548,40,0,315
2549,39,0,315
2550,55,0,315
2551,31,0,315
2552,28,0,315
2553,18,0,315
2554,36,0,315
2555,47,0,315
2556,50,0,315
2557,25,0,315
2558,39,0,315
2559,18,0,316
2560,31,0,316
2561,16,0,316
2562,50,0,316
2563,7,0,316
2564,27,0,316
2565,49,0,316
2566,42,0,317
2567,36,0,317
2568,22,0,317
2569,42,0,317
2570,22,0,317
2571,58,0,317
2572,22,0,317
2573,36,0,317
2574,23,0,318
2575,55,0,318
2576,14,0,318
2577,34,0,318
2578,6,0,318
2579,15,0,318
2580,4,0,318
2581,23,0,318
2582,18,0,318
2583,7,0,318
2584,30,0,319
2585,43,0,319
2586,16,0,320
2587,21,0,320
2588,44,0,320
2589,15,0,320
2590,3,0,320
2591,26,0,320
2592,29,0,320
2593,39,0,321
2594,45,0,321
2595,8,0,322
2596,11,0,322
2597,49,0,322
2598,5,0,322
2599,17,0,322
2600,53,0,323
2601,1,0,323
2602,45,0,323
2603,17,0,323
2604,21,0,323
2605,3,0,323
2606,26,0,323
2607,32,0,323
2608,23,0,323
2609,42,0,323
2610,54,0,323
2611,32,0,324
2612,48,0,324
2613,55,0,324
2614,55,0,324
2615,9,0,324
2616,52,0,324
2617,56,0,324
2618,25,0,324
2619,56,0,324
2620,18,0,325
2621,43,0,325
2622,46,0,325
2623,15,0,326
2624,51,0,326
2625,57,0,326
2626,15,0,326
2627,53,0,326
2628,52,0,326
2629,34,0,326
2630,17,0,326
2631,1,0,326
2632,31,0,326
2633,8,0,327
2634,38,0,327
2635,39,0,327
2636,53,0,327
2637,30,0,327
2638,13,0,327
2639,27,0,328
2640,16,0,328
2641,55,0,328
2642,55,0,328
2643,33,0,328
2644,49,0,328
2645,40,0,328
2646,44,0,328
2647,38,0,328
2648,26,0,328
2649,32,0,328
2650,29,0,329
2651,52,0,329
2652,24,0,329
2653,33,0,329
2654,53,0,329
2655,56,0,329
2656,29,0,329
2657,10,0,329
2658,30,0,329
2659,44,0,329
2660,18,0,329
2661,45,0,329
2662,57,0,329
2663,35,0,330
2664,58,0,330
2665,1,0,330
2666,11,0,330
2667,35,0,330
2668,16,0,330
2669,43,0,331
2670,45,0,332
2671,9,0,333
2672,47,0,334
2673,18,0,334
2674,57,0,334
2675,45,0,334
2676,7,0,334
2677,44,0,334
2678,4,0,334
2679,50,0,334
2680,3,0,334
2681,5,0,334
2682,28,0,334
2683,44,0,334
2684,8,0,335
2685,1,0,335
2686,35,0,335
2687,14,0,335
2688,34,0,335
2689,10,0,335
2690,52,0,335
2691,18,0,335
2692,16,0,335
2693,26,0,335
2694,35,0,335
2695,9,0,335
2696,36,0,335
2697,7,0,335
2698,52,0,336
2699,1,0,336
2700,4,0,336
2701,4,0,336
2702,37,0,336
2703,3,0,336
2704,38,0,336
2705,11,0,336
2706,35,0,336
2707,40,0,337
2708,46,0,337
2709,28,0,337
2710,32,0,337
2711,3,0,337
2712,18,0,337
2713,2,0,338
2714,32,0,338
2715,51,0,339
2716,37,0,339
2717,26,0,339
2718,20,0,339
2719,50,0,339
2720,46,0,339
2721,33,0,339
2722,3,0,339
2723,3,0,339
2724,35,0,339
2725,46,0,339
2726,51,0,339
2727,44,0,339
2728,45,0,340
2729,42,0,340
2730,13,0,340
2731,50,0,340
2732,43,0,340
2733,38,0,340
2734,11,0,340
2735,24,0,340
2736,40,0,340
2737,29,0,341
2738,52,0,341
2739,14,0,341
2740,55,0,341
2741,49,0,341
2742,9,0,341
2743,41,0,341
2744,26,0,341
2745,24,0,341
2746,52,0,341
2747,41,0,341
2748,25,0,342
2749,16,0,342
2750,9,0,342
2751,52,0,342
2752,13,0,342
2753,44,0,342
2754,24,0,342
2755,55,0,342
2756,3,0,342
2757,9,0,342
2758,6,0,342
2759,20,0,343
2760,23,0,343
2761,41,0,343
2762,34,0,343
2763,54,0,343
2764,15,0,343
2765,47,0,343
2766,3,0,343
2767,26,0,344
2768,33,0,344
2769,5,0,344
2770,18,0,344
2771,34,0,344
2772,1,0,344
2773,36,0,344
2774,39,0,344
2775,26,0,344
2776,27,0,344
2777,52,0,344
2778,33,0,344
2779,18,0,345
2780,14,0,345
2781,58,0,345
2782,35,0,345
2783,48,0,345
2784,42,0,346
2785,54,0,346
2786,3,0,346
2787,13,0,346
2788,30,0,346
2789,58,0,346
2790,41,0,347
2791,34,0,347
2792,52,0,348
2793,27,0,348
2794,56,0,348
2795,37,0,348
2796,1,0,348
2797,50,0,348
2798,6,0,348
2799,25,0,348
2800,24,0,348
2801,34,0,349
2802,42,0,349
2803,24,0,349
2804,51,0,349
2805,6,0,349
2806,15,0,350
2807,51,0,350
2808,58,0,350
2809,21,0,350
2810,53,0,350
2811,48,0,350
2812,1,0,350
2813,9,0,350
2814,3,0,350
2815,53,0,350
2816,53,0,350
2817,28,0,351
2818,19,0,352
2819,1,0,352
2820,37,0,352
2821,53,0,352
2822,31,0,353
2823,18,0,353
2824,30,0,353
2825,12,0,353
2826,42,0,353
2827,8,0,353
2828,20,0,353
2829,31,0,354
2830,58,0,354
2831,19,0,354
2832,6,0,355
2833,49,0,355
2834,2,0,355
2835,53,0,355
2836,54,0,355
2837,20,0,356
2838,5,0,356
2839,14,0,356
2840,48,0,356
2841,13,0,356
2842,31,0,356
2843,36,0,356
2844,25,0,356
2845,5,0,356
2846,37,0,357
2847,49,0,357
2848,37,0,357
2849,8,0,357
2850,20,0,358
2851,13,0,358
2852,37,0,358
2853,39,0,358
2854,44,0,358
2855,42,0,358
2856,22,0,358
2857,33,0,358
2858,12,0,358
2859,43,0,358
2860,36,0,358
2861,28,0,358
2862,10,0,358
2863,20,0,358
2864,31,0,358
2865,22,0,359
2866,38,0,359
2867,40,0,359
2868,56,0,359
2869,58,0,359
2870,35,0,359
2871,39,0,359
2872,49,0,359
2873,27,0,359
2874,3,0,359
2875,3,0,360
2876,36,0,360
2877,30,0,360
2878,23,0,361
2879,3,0,361
2880,47,0,361
2881,23,0,361
2882,33,0,361
2883,18,0,361
2884,56,0,361
2885,44,0,361
2886,49,0,361
2887,5,0,361
2888,21,0,361
2889,3,0,362
2890,16,0,362
2891,22,0,362
2892,47,0,362
2893,11,0,362
2894,38,0,362
2895,58,0,362
2896,23,0,362
2897,2,0,362
2898,16,0,362
2899,34,0,362
2900,23,0,362
2901,51,0,362
2902,20,0,362
2903,36,0,363
2904,21,0,363
2905,20,0,363
2906,2,0,363
2907,41,0,363
2908,27,0,363
2909,54,0,363
2910,8,0,364
2911,37,0,364
2912,3,0,364
2913,46,0,364
2914,32,0,364
2915,14,0,364
2916,45,0,364
2917,23,0,364
2918,46,0,364
2919,44,0,365
2920,6,0,365
2921,5,0,365
2922,33,0,365
2923,9,0,365
2924,12,0,365
2925,43,0,366
2926,54,0,366
2927,19,0,366
2928,47,0,366
2929,54,0,366
2930,33,0,366
2931,57,0,367
2932,35,0,367
2933,1,0,367
2934,37,0,367
2935,40,0,367
2936,45,0,367
2937,31,0,367
2938,45,0,367
2939,26,0,367
2940,47,0,367
2941,7,0,367
2942,49,0,367
2943,6,0,367
2944,22,0,367
2945,6,0,367
2946,25,0,368
2947,28,0,368
2948,22,0,368
2949,41,0,368
2950,39,0,368
2951,55,0,368
2952,1,0,368
2953,50,0,369
2954,58,0,369
2955,23,0,369
2956,52,0,369
2957,28,0,369
2958,48,0,369
2959,6,0,369
2960,2,0,369
2961,1,0,369
2962,46,0,369
2963,41,0,370
2964,26,0,370
2965,52,0,370
2966,48,0,370
2967,5,0,370
2968,33,0,370
2969,54,0,370
2970,44,0,371
2971,5,0,371
2972,58,0,371
2973,8,0,371
2974,16,0,371
2975,6,0,371
2976,29,0,371
2977,54,0,372
2978,1,0,372
2979,24,0,372
2980,36,0,372
2981,8,0,372
2982,9,0,372
2983,47,0,372
2984,32,0,372
2985,12,0,372
2986,43,0,372
2987,3,0,372
2988,36,0,372
2989,58,0,372
2990,10,0,373
2991,23,0,373
2992,7,0,373
2993,44,0,373
2994,46,0,373
2995,11,0,373
2996,26,0,373
2997,51,0,373
2998,50,0,373
2999,21,0,373
3000,25,0,373
3001,58,0,374
3002,31,0,375
3003,29,0,375
3004,43,0,375
3005,57,0,375
3006,26,0,375
3007,58,0,375
3008,11,0,375
3009,38,0,376
3010,48,0,376
3011,7,0,376
3012,24,0,376
3013,39,0,376
3014,20,0,376
3015,53,0,376
3016,36,0,376
3017,8,0,377
3018,15,0,377
3019,20,0,377
3020,47,0,377
3021,42,0,378
3022,45,0,378
3023,54,0,378
3024,58,0,378
3025,15,0,378
3026,25,0,378
3027,7,0,378
3028,6,0,378
3029,42,0,378
3030,27,0,378
3031,29,0,378
3032,30,0,379
3033,27,0,379
3034,42,0,379
3035,36,0,379
3036,6,0,379
3037,50,0,379
3038,17,0,379
3039,19,0,379
3040,22,0,380
3041,49,0,380
3042,12,0,380
3043,1,0,380
3044,32,0,381
3045,43,0,381
3046,4,0,381
3047,22,0,381
3048,27,0,381
3049,9,0,381
3050,30,0,381
3051,42,0,381
3052,23,0,381
3053,29,0,381
3054,37,0,382
3055,11,0,382
3056,48,0,383
3057,52,0,383
3058,54,0,383
3059,16,0,383
3060,17,0,383
3061,36,0,383
3062,58,0,383
3063,12,0,383
3064,7,0,383
3065,15,0,383
3066,35,0,383
3067,43,0,383
3068,55,0,383
3069,3,0,384
3070,23,0,384
3071,48,0,384
3072,53,0,384
3073,21,0,384
3074,47,0,385
3075,23,0,386
3076,24,0,386
3077,22,0,386
3078,46,0,387
3079,19,0,387
3080,56,0,387
3081,24,0,388
3082,56,0,388
3083,19,0,389
3084,43,0,389
3085,33,0,389
3086,51,0,389
3087,48,0,389
3088,14,0,389
3089,6,0,389
3090,32,0,389
3091,17,0,389
3092,36,0,390
3093,37,0,390
3094,47,0,390
3095,18,0,390
3096,8,0,390
3097,19,0,390
3098,53,0,390
3099,25,0,390
3100,1,0,390
3101,2,0,390
3102,6,0,390
3103,4,0,390
3104,41,0,390
3105,19,0,390
3106,20,0,390
3107,37,0,391
3108,7,0,391
3109,28,0,391
3110,32,0,391
3111,36,0,391
3112,41,0,391
3113,37,0,391
3114,22,0,391
3115,21,0,391
3116,28,0,391
3117,20,0,391
3118,20,0,392
3119,12,0,392
3120,7,0,392
3121,12,0,392
3122,8,0,392
3123,34,0,392
3124,2,0,392
3125,46,0,392
3126,42,0,392
3127,9,0,392
3128,30,0,392
3129,18,0,392
3130,43,0,392
3131,13,0,392
3132,18,0,392
3133,12,0,393
3134,20,0,393
3135,42,0,393
3136,49,0,393
3137,55,0,393
3138,10,0,393
3139,2,0,393
3140,55,0,393
3141,7,0,393
3142,43,0,393
3143,12,0,393
3144,50,0,393
3145,24,0,393
3146,47,0,393
3147,27,0,394
3148,52,0,394
3149,9,0,394
3150,32,0,395
3151,4,0,395
3152,27,0,395
3153,34,0,395
3154,24,0,395
3155,6,0,395
3156,2,0,395
3157,54,0,395
3158,34,0,395
3159,47,0,395
3160,30,0,395
3161,39,0,395
3162,41,0,395
3163,13,0,396
3164,18,0,396
3165,16,0,396
3166,55,0,396
3167,2,0,396
3168,1,0,396
3169,37,0,396
3170,7,0,396
3171,46,0,396
3172,2,0,396
3173,6,0,397
3174,34,0,397
3175,39,0,397
3176,56,0,398
3177,34,0,398
3178,54,0,398
3179,16,0,398
3180,43,0,398
3181,55,0,398
3182,30,0,398
3183,43,0,398
3184,16,0,398
3185,7,0,398
3186,3,0,398
3187,42,0,399
3188,58,0,399
3189,15,0,400
3190,55,0,400
3191,4,0,400
3192,26,0,400
3193,50,0,400
3194,38,0,400
3195,37,0,400
3196,34,0,400
3197,36,0,400
3198,35,0,400
3199,44,0,400
3200,32,0,400
3201,45,0,400
3202,7,0,401
3203,1,0,401
3204,15,0,401
3205,55,0,401
3206,58,0,401
3207,51,0,402
3208,29,0,402
3209,55,0,403
3210,22,0,403
3211,14,0,403
3212,20,0,403
3213,12,0,403
3214,17,0,404
3215,10,0,404
3216,9,0,405
3217,12,0,405
3218,54,0,406
3219,24,0,406
3220,52,0,406
3221,18,0,406
3222,52,0,406
3223,38,0,406
3224,14,0,406
3225,15,0,406
3226,29,0,406
3227,4,0,406
3228,32,0,407
3229,54,0,408
3230,23,0,408
3231,30,0,408
3232,22,0,408
3233,15,0,408
3234,13,0,408
3235,9,0,408
3236,21,0,408
3237,1,0,409
3238,16,0,409
3239,19,0,409
3240,36,0,409
3241,4,0,409
3242,40,0,409
3243,9,0,409
3244,43,0,409
3245,13,0,409
3246,37,0,410
3247,56,0,410
3248,57,0,410
3249,54,0,410
3250,3,0,410
3251,16,0,410
3252,38,0,410
3253,13,0,410
3254,17,0,410
3255,42,0,410
3256,52,0,410
3257,51,0,411
3258,1,0,411
3259,18,0,411
3260,34,0,411
3261,35,0,411
3262,15,0,411
3263,9,0,411
3264,38,0,411
3265,54,0,411
3266,26,0,411
3267,45,0,411
3268,57,0,412
3269,15,0,412
3270,21,0,412
3271,7,0,412
3272,56,0,412
3273,21,0,412
3274,22,0,412
3275,27,0,412
3276,5,0,412
3277,25,0,412
3278,13,0,412
3279,33,0,412
3280,9,0,412
3281,3,0,412
3282,14,0,412
3283,18,0,413
3284,43,0,413
3285,7,0,413
3286,13,0,413
3287,54,0,413
3288,14,0,413
3289,25,0,413
3290,7,0,413
3291,6,0,413
3292,14,0,413
3293,16,0,414
3294,5,0,414
3295,28,0,414
3296,41,0,414
3297,52,0,414
3298,25,0,414
3299,13,0,414
3300,54,0,414
3301,17,0,414
3302,15,0,414
3303,9,0,415
3304,1,0,415
3305,14,0,415
3306,17,0,415
3307,47,0,415
3308,14,0,415
3309,30,0,415
3310,29,0,415
3311,34,0,415
3312,13,0,415
3313,8,0,415
3314,9,0,415
3315,49,0,415
3316,54,0,416
3317,37,0,416
3318,6,0,416
3319,31,0,416
3320,23,0,416
3321,34,0,416
3322,31,0,416
3323,49,0,416
3324,23,0,416
3325,29,0,416
3326,12,0,416
3327,55,0,417
3328,41,0,417
3329,5,0,417
3330,41,0,417
3331,35,0,417
3332,14,0,417
3333,33,0,417
3334,1,0,417
3335,19,0,418
3336,52,0,419
3337,24,0,419
3338,1,0,419
3339,37,0,419
3340,54,0,419
3341,1,0,419
3342,29,0,419
3343,46,0,419
3344,37,0,419
3345,48,0,419
3346,58,0,419
3347,27,0,419
3348,17,0,419
3349,15,0,419
3350,13,0,419
3351,50,0,420
3352,44,0,420
3353,8,0,420
3354,18,0,421
3355,3,0,421
3356,1,0,421
3357,8,0,421
3358,27,0,421
3359,8,0,421
3360,14,0,421
3361,3,0,421
3362,37,0,421
3363,38,0,422
3364,13,0,422
3365,15,0,422
3366,31,0,422
3367,16,0,422
3368,23,0,422
3369,13,0,422
3370,50,0,423
3371,20,0,423
3372,17,0,424
3373,31,0,424
3374,50,0,424
3375,41,0,424
3376,31,0,424
3377,36,0,424
3378,12,0,424
3379,51,0,424
3380,21,0,424
3381,5,0,424
3382,22,0,424
3383,9,0,425
3384,33,0,425
3385,40,0,425
3386,18,0,425
3387,54,0,425
3388,35,0,425
3389,34,0,425
3390,4,0,426
3391,37,0,426
3392,4,0,426
3393,38,0,426
3394,17,0,426
3395,50,0,426
3396,33,0,426
3397,23,0,426
3398,22,0,426
3399,9,0,427
3400,28,0,427
3401,14,0,427
3402,31,0,427
3403,45,0,427
3404,3,0,427
3405,12,0,427
3406,32,0,428
3407,49,0,428
3408,37,0,428
3409,54,0,428
3410,46,0,428
3411,15,0,428
3412,45,0,428
3413,42,0,428
3414,15,0,428
3415,1,0,429
3416,26,0,429
3417,46,0,429
3418,41,0,429
3419,6,0,429
3420,37,0,429
3421,5,0,429
3422,13,0,430
3423,43,0,430
3424,1,0,430
3425,20,0,430
3426,16,0,431
3427,5,0,431
3428,15,0,431
3429,52,0,431
3430,36,0,431
3431,15,0,431
3432,42,0,431
3433,2,0,431
3434,36,0,431
3435,17,0,431
3436,31,0,431
3437,15,0,431
3438,5,0,431
3439,43,0,432
3440,45,0,432
3441,46,0,432
3442,48,0,432
3443,1,0,432
3444,36,0,432
3445,27,0,432
3446,43,0,432
3447,58,0,433
3448,35,0,433
3449,53,0,433
3450,41,0,433
3451,36,0,433
3452,29,0,433
3453,9,0,433
3454,19,0,434
3455,8,0,435
3456,47,0,435
3457,46,0,436
3458,45,0,436
3459,35,0,436
3460,8,0,437
3461,58,0,437
3462,49,0,437
3463,30,0,437
3464,9,0,437
3465,10,0,437
3466,27,0,438
3467,10,0,438
3468,36,0,438
3469,53,0,438
3470,10,0,438
3471,24,0,438
3472,57,0,438
3473,53,0,438
3474,31,0,438
3475,12,0,438
3476,44,0,438
3477,32,0,438
3478,3,0,439
3479,31,0,439
3480,22,0,439
3481,29,0,439
3482,53,0,439
3483,17,0,439
3484,20,0,439
3485,8,0,439
3486,50,0,439
3487,34,0,440
3488,36,0,440
3489,39,0,440
3490,22,0,440
3491,6,0,440
3492,19,0,440
3493,41,0,440
3494,22,0,440
3495,24,0,441
3496,32,0,441
3497,5,0,441
3498,5,0,441
3499,17,0,442
3500,43,0,442
3501,25,0,442
3502,1,0,442
3503,38,0,443
3504,45,0,443
3505,20,0,443
3506,32,0,443
3507,51,0,443
3508,48,0,443
3509,58,0,443
3510,21,0,444
3511,7,0,444
3512,16,0,444
3513,58,0,444
3514,10,0,444
3515,28,0,444
3516,40,0,444
3517,12,0,444
3518,36,0,444
3519,50,0,444
3520,25,0,444
3521,38,0,444
3522,7,0,445
3523,15,0,445
3524,10,0,445
3525,57,0,445
3526,34,0,445
3527,31,0,445
3528,40,0,445
3529,23,0,445
3530,48,0,445
3531,14,0,445
3532,47,0,446
3533,55,0,446
3534,51,0,446
3535,4,0,446
3536,12,0,446
3537,55,0,446
3538,50,0,446
3539,11,0,446
3540,43,0,446
3541,11,0,447
3542,32,0,447
3543,1,0,447
3544,29,0,447
3545,29,0,447
3546,4,0,448
3547,53,0,448
3548,46,0,448
3549,41,0,448
3550,17,0,448
3551,33,0,448
3552,35,0,448
3553,45,0,448
3554,51,0,448
3555,41,0,448
3556,31,0,449
3557,29,0,449
3558,40,0,449
3559,44,0,449
3560,43,0,449
3561,55,0,449
3562,58,0,450
3563,31,0,450
3564,29,0,450
3565,38,0,450
3566,26,0,450
3567,47,0,450
3568,36,0,450
3569,43,0,450
3570,4,0,450
3571,12,0,451
3572,47,0,451
3573,35,0,451
3574,32,0,451
3575,8,0,451
3576,11,0,451
3577,43,0,451
3578,40,0,451
3579,9,0,451
3580,52,0,451
3581,58,0,451
3582,3,0,451
3583,31,0,451
3584,16,0,451
3585,29,0,452
3586,33,0,452
3587,46,0,452
3588,32,0,452
3589,34,0,452
3590,33,0,452
3591,8,0,452
3592,33,0,452
3593,54,0,452
3594,36,0,452
3595,34,0,452
3596,55,0,453
3597,17,0,453
3598,7,0,453
3599,19,0,453
3600,27,0,453
3601,14,0,454
3602,3,0,454
3603,58,0,454
3604,26,0,454
3605,29,0,454
3606,28,0,454
3607,20,0,454
3608,48,0,454
3609,43,0,454
3610,34,0,454
3611,31,0,455
3612,23,0,455
3613,50,0,455
3614,18,0,455
3615,9,0,455
3616,18,0,455
3617,50,0,455
3618,57,0,455
3619,39,0,455
3620,37,0,455
3621,22,0,455
3622,10,0,455
3623,48,0,456
3624,40,0,456
3625,17,0,456
3626,46,0,456
3627,3,0,456
3628,30,0,456
3629,31,0,456
3630,18,0,457
3631,14,0,458
3632,35,0,458
3633,43,0,458
3634,2,0,458
3635,19,0,458
3636,25,0,458
3637,24,0,458
3638,30,0,458
3639,48,0,458
3640,1,0,458
3641,15,0,458
3642,42,0,458
3643,32,0,458
3644,10,0,458
3645,13,0,459
3646,36,0,459
3647,16,0,459
3648,26,0,459
3649,30,0,459
3650,33,0,459
3651,44,0,459
3652,33,0,459
3653,56,0,459
3654,1,0,459
3655,57,0,459
3656,23,0,459
3657,47,0,460
3658,28,0,460
3659,3,0,460
3660,2,0,460
3661,32,0,460
3662,18,0,461
3663,21,0,461
3664,2,0,461
3665,24,0,461
3666,8,0,462
3667,13,0,462
3668,29,0,462
3669,34,0,462
3670,2,0,462
3671,13,0,462
3672,38,0,462
3673,21,0,462
3674,16,0,462
3675,44,0,462
3676,33,0,462
3677,26,0,462
3678,56,0,462
3679,42,0,463
3680,47,0,463
3681,55,0,463
3682,43,0,463
3683,32,0,463
3684,2,0,463
3685,8,0,463
3686,36,0,463
3687,5,0,463
3688,41,0,463
3689,39,0,463
3690,26,0,463
3691,34,0,463
3692,25,0,463
3693,3,0,463
3694,56,0,464
3695,5,0,464
3696,52,0,464
3697,5,0,465
3698,42,0,465
3699,12,0,465
3700,52,0,465
3701,2,0,465
3702,16,0,465
3703,53,0,465
3704,36,0,465
3705,46,0,465
3706,58,0,465
3707,28,0,465
3708,10,0,465
3709,9,0,465
3710,44,0,466
3711,41,0,466
3712,34,0,466
3713,58,0,466
3714,49,0,466
3715,40,0,466
3716,13,0,466
3717,12,0,466
3718,58,0,466
3719,39,0,466
3720,22,0,466
3721,2,0,467
3722,12,0,467
3723,57,0,467
3724,34,0,467
3725,46,0,467
3726,6,0,467
3727,11,0,467
3728,38,0,468
3729,31,0,468
3730,32,0,468
3731,40,0,468
3732,20,0,468
3733,16,0,468
3734,42,0,468
3735,49,0,468
3736,45,0,468
3737,17,0,469
3738,55,0,469
3739,35,0,469
3740,56,0,469
3741,19,0,470
3742,38,0,470
3743,15,0,470
3744,3,0,470
3745,48,0,470
3746,2,0,470
3747,25,0,471
3748,53,0,471
3749,50,0,471
3750,40,0,471
3751,7,0,471
3752,56,0,471
3753,6,0,471
3754,35,0,471
3755,27,0,471
3756,39,0,472
3757,33,0,472
3758,29,0,472
3759,48,0,472
3760,13,0,472
3761,33,0,472
3762,19,0,472
3763,52,0,472
3764,47,0,472
3765,1,0,472
3766,41,0,472
3767,30,0,472
3768,5,0,473
3769,27,0,473
3770,39,0,473
3771,52,0,473
3772,36,0,473
3773,38,0,474
3774,7,0,474
3775,47,0,474
3776,48,0,474
3777,44,0,474
3778,44,0,474
3779,52,0,474
3780,21,0,474
3781,40,0,474
3782,32,0,474
3783,38,0,475
3784,26,0,475
3785,44,0,475
3786,48,0,475
3787,53,0,475
3788,4,0,475
3789,25,0,475
3790,51,0,475
3791,29,0,475
3792,18,0,475
3793,27,0,475
3794,46,0,475
3795,10,0,475
3796,16,0,475
3797,36,0,476
3798,14,0,476
3799,28,0,476
3800,41,0,476
3801,56,0,476
3802,36,0,477
3803,20,0,477
3804,22,0,477
3805,25,0,477
3806,58,0,477
3807,2,0,478
3808,24,0,478
3809,21,0,478
3810,37,0,478
3811,35,0,478
3812,1,0,478
3813,7,0,479
3814,23,0,479
3815,40,0,479
3816,5,0,479
3817,34,0,479
3818,39,0,479
3819,46,0,479
3820,38,0,479
3821,21,0,479
3822,34,0,479
3823,28,0,479
3824,11,0,479
3825,46,0,479
3826,5,0,479
3827,57,0,480
3828,25,0,480
3829,17,0,480
3830,14,0,480
3831,26,0,481
3832,17,0,481
3833,32,0,481
3834,18,0,481
3835,42,0,482
3836,55,0,482
3837,9,0,482
3838,6,0,482
3839,3,0,482
3840,40,0,482
3841,12,0,482
3842,1,0,482
3843,10,0,482
3844,23,0,482
3845,15,0,482
3846,2,0,482
3847,21,0,482
3848,44,0,482
3849,27,0,482
3850,51,0,483
3851,45,0,483
3852,33,0,483
3853,33,0,483
3854,49,0,483
3855,51,0,483
3856,2,0,483
3857,27,0,483
3858,3,0,483
3859,33,0,483
3860,51,0,483
3861,56,0,483
3862,8,0,483
3863,18,0,483
3864,58,0,484
3865,36,0,484
3866,6,0,484
3867,1,0,484
3868,43,0,485
3869,12,0,485
3870,32,0,485
3871,32,0,485
3872,22,0,485
3873,40,0,485
3874,35,0,485
3875,46,0,485
3876,58,0,485
3877,9,0,486
3878,18,0,486
3879,31,0,486
3880,24,0,486
3881,41,0,486
3882,17,0,486
3883,12,0,486
3884,43,0,486
3885,47,0,487
3886,42,0,487
3887,33,0,487
3888,17,0,487
3889,41,0,487
3890,44,0,487
3891,45,0,487
3892,32,0,488
3893,18,0,488
3894,32,0,488
3895,45,0,488
3896,7,0,488
3897,17,0,489
3898,48,0,489
3899,49,0,489
3900,38,0,489
3901,56,0,489
3902,43,0,489
3903,39,0,489
3904,22,0,489
3905,47,0,489
3906,23,0,489
3907,16,0,489
3908,20,0,489
3909,22,0,489
3910,16,0,490
3911,2,0,490
3912,6,0,490
3913,2,0,490
3914,3,0,490
3915,25,0,490
3916,15,0,490
3917,40,0,490
3918,37,0,491
3919,20,0,491
3920,16,0,491
3921,46,0,492
3922,54,0,492
3923,24,0,492
3924,23,0,492
3925,21,0,493
3926,51,0,493
3927,58,0,493
3928,49,0,493
3929,23,0,493
3930,19,0,493
3931,55,0,493
3932,28,0,493
3933,52,0,493
3934,57,0,493
3935,16,0,493
3936,48,0,493
3937,17,0,493
3938,10,0,493
3939,39,0,493
3940,27,0,494
3941,30,0,494
3942,27,0,494
3943,39,0,494
3944,55,0,494
3945,46,0,494
3946,11,0,494
3947,34,0,494
3948,25,0,494
3949,29,0,494
3950,39,0,495
3951,22,0,496
3952,37,0,496
3953,41,0,496
3954,25,0,496
3955,29,0,496
3956,17,0,497
3957,12,0,497
3958,52,0,497
3959,29,0,497
3960,46,0,497
3961,51,0,497
3962,42,0,498
3963,26,0,498
3964,51,0,498
3965,52,0,498
3966,2,0,498
3967,35,0,498
3968,21,0,498
3969,47,0,498
3970,56,0,499
3971,23,0,499
3972,17,0,499
3973,4,0,499
3974,34,0,500
3975,9,0,500
3976,19,0,500
3977,2,0,500
3978,38,0,500
3979,48,0,500
3980,37,0,500
3981,39,0,500
3982,35,0,500
3983,2,0,500
3984,25,0,500
3985,8,0,500
3986,27,0,500
3987,11,0,500
3988,7,0,501
3989,18,0,501
3990,51,0,501
3991,42,0,501
3992,17,0,501
3993,9,0,501
3994,57,0,501
3995,44,0,502
3996,56,0,502
3997,2,0,502
3998,26,0,502
3999,45,0,502
4000,15,0,502
4001,17,0,502
4002,1,0,502
4003,57,0,502
4004,6,0,502
4005,9,0,502
4006,40,0,502
4007,8,0,502
4008,28,0,502
4009,21,0,502
4010,16,0,503
4011,5,0,503
4012,36,0,503
4013,31,0,503
4014,7,0,503
4015,4,0,503
4016,29,0,503
4017,35,0,503
4018,42,0,503
4019,34,0,503
4020,55,0,503
4021,32,0,504
4022,3,0,504
4023,41,0,504
4024,50,0,504
4025,16,0,504
4026,36,0,504
4027,55,0,504
4028,54,0,504
4029,20,0,504
4030,51,0,504
4031,1,0,504
4032,17,0,504
4033,2,0,504
4034,46,0,504
4035,35,0,505
4036,7,0,505
4037,24,0,505
4038,13,0,505
4039,32,0,505
4040,15,0,505
4041,32,0,506
4042,56,0,506
4043,12,0,506
4044,43,0,506
4045,8,0,506
4046,28,0,506
4047,46,0,506
4048,57,0,506
4049,16,0,506
4050,27,0,506
4051,15,0,506
4052,41,0,506
4053,54,0,506
4054,7,0,506
4055,44,0,507
4056,37,0,507
4057,34,0,507
4058,49,0,507
4059,32,0,507
4060,8,0,507
4061,6,0,507
4062,25,0,507
4063,8,0,507
4064,14,0,507
4065,10,0,507
4066,16,0,507
4067,26,0,507
4068,51,0,507
4069,43,0,508
4070,30,0,509
4071,54,0,510
4072,17,0,510
4073,35,0,510
4074,14,0,510
4075,38,0,510
4076,16,0,510
4077,8,0,510
4078,53,0,510
4079,45,0,510
4080,42,0,510
4081,47,0,510
4082,19,0,510
4083,29,0,510
4084,15,0,510
4085,27,0,510
4086,12,0,511
4087,16,0,511
4088,8,0,511
4089,11,0,511
4090,40,0,511
4091,31,0,511
4092,10,0,511
4093,5,0,512
4094,46,0,512
4095,15,0,512
4096,48,0,512
4097,26,0,512
4098,46,0,512
4099,6,0,513
4100,58,0,513
4101,44,0,513
4102,51,0,513
4103,33,0,513
4104,3,0,513
4105,9,0,513
4106,55,0,514
4107,54,0,514
4108,25,0,514
4109,16,0,514
4110,29,0,514
4111,19,0,514
4112,17,0,514
4113,22,0,514
4114,17,0,514
4115,1,0,514
4116,3,0,514
4117,36,0,514
4118,27,0,515
4119,51,0,515
4120,22,0,515
4121,48,0,515
4122,17,0,515
4123,10,0,515
4124,35,0,515
4125,42,0,515
4126,20,0,515
4127,12,0,515
4128,24,0,515
4129,29,0,515
4130,9,0,516
4131,10,0,516
4132,51,0,517
4133,50,0,517
4134,43,0,517
4135,14,0,517
4136,38,0,517
4137,31,0,517
4138,56,0,517
4139,38,0,517
4140,56,0,517
4141,10,0,517
4142,29,0,517
4143,1,0,518
4144,51,0,518
4145,22,0,518
4146,53,0,518
4147,31,0,518
4148,31,0,518
4149,1,0,518
4150,11,0,518
4151,1,0,518
4152,2,0,518
4153,4,0,519
4154,47,0,519
4155,48,0,519
4156,25,0,519
4157,40,0,519
4158,43,0,519
4159,46,0,519
4160,35,0,519
4161,51,0,519
4162,12,0,519
4163,50,0,519
4164,57,0,520
4165,23,0,520
4166,7,0,520
4167,4,0,521
4168,12,0,521
4169,29,0,521
4170,47,0,521
4171,23,0,521
4172,9,0,521
4173,10,0,521
4174,40,0,522
4175,13,0,522
4176,8,0,522
4177,2,0,522
4178,27,0,522
4179,20,0,522
4180,32,0,522
4181,42,0,522
4182,54,0,522
4183,40,0,522
4184,39,0,523
4185,20,0,523
4186,14,0,524
4187,52,0,524
4188,34,0,524
4189,13,0,525
4190,9,0,525
4191,25,0,525
4192,32,0,525
4193,5,0,525
4194,19,0,525
4195,58,0,525
4196,30,0,525
4197,42,0,525
4198,41,0,526
4199,22,0,526
4200,55,0,526
4201,36,0,526
4202,15,0,526
4203,33,0,526
4204,36,0,526
4205,46,0,526
4206,36,0,526
4207,18,0,526
4208,25,0,527
4209,6,0,527
4210,39,0,527
4211,46,0,527
4212,44,0,527
4213,25,0,527
4214,15,0,527
4215,49,0,528
4216,58,0,528
4217,32,0,528
4218,45,0,528
4219,39,0,528
4220,6,0,528
4221,43,0,529
4222,21,0,529
4223,22,0,529
4224,20,0,529
4225,54,0,529
4226,19,0,529
4227,21,0,529
4228,14,0,529
4229,5,0,529
4230,22,0,529
4231,26,0,529
4232,29,0,529
4233,35,0,530
4234,23,0,530
4235,11,0,531
4236,6,0,531
4237,37,0,531
4238,39,0,531
4239,41,0,531
4240,56,0,531
4241,31,0,532
4242,20,0,532
4243,27,0,532
4244,22,0,533
4245,53,0,533
4246,37,0,533
4247,19,0,533
4248,50,0,533
4249,56,0,533
4250,11,0,533
4251,42,0,533
4252,14,0,533
4253,4,0,534
4254,37,0,534
4255,9,0,534
4256,27,0,535
4257,38,0,535
4258,14,0,535
4259,23,0,535
4260,36,0,535
4261,49,0,535
4262,23,0,535
4263,47,0,536
4264,50,0,536
4265,13,0,536
4266,17,0,536
4267,37,0,536
4268,38,0,536
4269,47,0,536
4270,29,0,537
4271,47,0,537
4272,22,0,537
4273,32,0,537
4274,27,0,537
4275,7,0,537
4276,54,0,537
4277,24,0,537
4278,17,0,537
4279,42,0,537
4280,43,0,537
4281,36,0,537
4282,30,0,537
4283,9,0,537
4284,53,0,537
4285,21,0,538
4286,26,0,538
4287,13,0,538
4288,31,0,538
4289,56,0,538
4290,47,0,538
4291,6,0,538
4292,23,0,538
4293,47,0,538
4294,2,0,538
4295,49,0,538
4296,42,0,538
4297,22,0,538
4298,4,0,539
4299,2,0,539
4300,43,0,539
4301,14,0,539
4302,53,0,539
4303,41,0,539
4304,8,0,539
4305,31,0,539
4306,56,0,539
4307,54,0,539
4308,53,0,539
4309,7,0,539
4310,40,0,539
4311,33,0,539
4312,51,0,540
4313,36,0,540
